field,footprint,centre_freq_mhz,footprint_pitch_deg,footprint_rota_deg,pol_axis_deg,variant,beam,mean_dQ,std_dQ,mean_dU,std_dU,n_obs
REF_0324-28,closepack36,920.5,0.9,45.0,-45.0,bpcal,0,0.486275,0.146123,-1.298913,0.043631,8
REF_0324-28,closepack36,920.5,0.9,45.0,-45.0,bpcal,1,-0.104712,0.116384,0.178138,0.006663,8
REF_0324-28,closepack36,920.5,0.9,45.0,-45.0,bpcal,2,0.166562,0.09702,-0.109388,0.025545,8
REF_0324-28,closepack36,920.5,0.9,45.0,-45.0,bpcal,3,0.1289,0.100353,0.400325,0.013349,8
REF_0324-28,closepack36,920.5,0.9,45.0,-45.0,bpcal,4,0.504788,0.083951,0.59755,0.015828,8
REF_0324-28,closepack36,920.5,0.9,45.0,-45.0,bpcal,5,0.678625,0.116483,0.491812,0.052239,8
REF_0324-28,closepack36,920.5,0.9,45.0,-45.0,bpcal,6,-0.342488,0.167739,-0.02155,0.021984,8
REF_0324-28,closepack36,920.5,0.9,45.0,-45.0,bpcal,7,-0.11745,0.069965,-0.491587,0.012898,8
REF_0324-28,closepack36,920.5,0.9,45.0,-45.0,bpcal,8,-0.208725,0.067945,0.0561,0.025701,8
REF_0324-28,closepack36,920.5,0.9,45.0,-45.0,bpcal,9,-0.901425,0.156302,0.419725,0.014638,8
REF_0324-28,closepack36,920.5,0.9,45.0,-45.0,bpcal,10,-1.494975,0.217906,0.579775,0.006756,8
REF_0324-28,closepack36,920.5,0.9,45.0,-45.0,bpcal,11,-0.777325,0.108638,0.405325,0.059548,8
REF_0324-28,closepack36,920.5,0.9,45.0,-45.0,bpcal,12,1.4608,0.123711,-0.070712,0.027522,8
REF_0324-28,closepack36,920.5,0.9,45.0,-45.0,bpcal,13,1.911388,0.068121,-0.068812,0.022129,8
REF_0324-28,closepack36,920.5,0.9,45.0,-45.0,bpcal,14,1.627825,0.119647,0.0982,0.03213,8
REF_0324-28,closepack36,920.5,0.9,45.0,-45.0,bpcal,15,-1.078187,0.156621,0.046463,0.010799,8
REF_0324-28,closepack36,920.5,0.9,45.0,-45.0,bpcal,16,-0.997837,0.147409,0.272162,0.021792,8
REF_0324-28,closepack36,920.5,0.9,45.0,-45.0,bpcal,17,-1.248462,0.135207,-0.007812,0.023433,8
REF_0324-28,closepack36,920.5,0.9,45.0,-45.0,bpcal,18,0.866025,0.034832,0.146275,0.019352,8
REF_0324-28,closepack36,920.5,0.9,45.0,-45.0,bpcal,19,1.583362,0.088336,0.22,0.00693,8
REF_0324-28,closepack36,920.5,0.9,45.0,-45.0,bpcal,20,0.48675,0.156972,-0.099675,0.010432,8
REF_0324-28,closepack36,920.5,0.9,45.0,-45.0,bpcal,21,0.189312,0.092507,0.065512,0.017552,8
REF_0324-28,closepack36,920.5,0.9,45.0,-45.0,bpcal,22,-0.035125,0.083868,-0.209725,0.008353,8
REF_0324-28,closepack36,920.5,0.9,45.0,-45.0,bpcal,23,0.037112,0.111909,0.019412,0.031874,8
REF_0324-28,closepack36,920.5,0.9,45.0,-45.0,bpcal,24,-0.587162,0.187563,0.0877,0.021933,8
REF_0324-28,closepack36,920.5,0.9,45.0,-45.0,bpcal,25,-0.215388,0.122349,0.475512,0.015421,8
REF_0324-28,closepack36,920.5,0.9,45.0,-45.0,bpcal,26,1.034638,0.154665,0.202,0.014882,8
REF_0324-28,closepack36,920.5,0.9,45.0,-45.0,bpcal,27,0.539412,0.226012,-0.124,0.004913,8
REF_0324-28,closepack36,920.5,0.9,45.0,-45.0,bpcal,28,-0.079325,0.10935,-0.873962,0.019766,8
REF_0324-28,closepack36,920.5,0.9,45.0,-45.0,bpcal,29,-0.1313,0.070126,-0.011688,0.009276,8
REF_0324-28,closepack36,920.5,0.9,45.0,-45.0,bpcal,30,-0.107188,0.118034,0.102162,0.022341,8
REF_0324-28,closepack36,920.5,0.9,45.0,-45.0,bpcal,31,0.25315,0.088678,-0.157375,0.037092,8
REF_0324-28,closepack36,920.5,0.9,45.0,-45.0,bpcal,32,0.487188,0.104657,-0.172688,0.01612,8
REF_0324-28,closepack36,920.5,0.9,45.0,-45.0,bpcal,33,-0.205575,0.104352,-0.306562,0.009874,8
REF_0324-28,closepack36,920.5,0.9,45.0,-45.0,bpcal,34,-0.430588,0.091271,0.31415,0.011044,8
REF_0324-28,closepack36,920.5,0.9,45.0,-45.0,bpcal,35,-0.724062,0.095106,-0.393588,0.045787,8
REF_0324-28,closepack36,920.5,0.9,45.0,-45.0,lcal,0,0.478925,0.163148,-0.0746,0.042611,8
REF_0324-28,closepack36,920.5,0.9,45.0,-45.0,lcal,1,-0.104512,0.115582,0.023038,0.004326,8
REF_0324-28,closepack36,920.5,0.9,45.0,-45.0,lcal,2,0.156225,0.101914,0.019775,0.011134,8
REF_0324-28,closepack36,920.5,0.9,45.0,-45.0,lcal,3,0.127075,0.096959,-0.005113,0.010058,8
REF_0324-28,closepack36,920.5,0.9,45.0,-45.0,lcal,4,0.50195,0.086202,0.045625,0.001308,8
REF_0324-28,closepack36,920.5,0.9,45.0,-45.0,lcal,5,0.686862,0.109711,0.024475,0.031005,8
REF_0324-28,closepack36,920.5,0.9,45.0,-45.0,lcal,6,-0.36075,0.160679,-0.0016,0.014375,8
REF_0324-28,closepack36,920.5,0.9,45.0,-45.0,lcal,7,-0.1456,0.06277,0.004412,0.021613,8
REF_0324-28,closepack36,920.5,0.9,45.0,-45.0,lcal,8,-0.22025,0.063337,-0.010025,0.028668,8
REF_0324-28,closepack36,920.5,0.9,45.0,-45.0,lcal,9,-0.899562,0.15747,0.00085,0.010307,8
REF_0324-28,closepack36,920.5,0.9,45.0,-45.0,lcal,10,-1.4931,0.214852,0.014112,0.012702,8
REF_0324-28,closepack36,920.5,0.9,45.0,-45.0,lcal,11,-0.74285,0.104394,0.016725,0.034855,8
REF_0324-28,closepack36,920.5,0.9,45.0,-45.0,lcal,12,1.437712,0.121199,-0.041375,0.030934,8
REF_0324-28,closepack36,920.5,0.9,45.0,-45.0,lcal,13,1.910725,0.068549,-0.020475,0.018119,8
REF_0324-28,closepack36,920.5,0.9,45.0,-45.0,lcal,14,1.643738,0.127533,-0.018775,0.028102,8
REF_0324-28,closepack36,920.5,0.9,45.0,-45.0,lcal,15,-1.034875,0.147063,0.0195,0.00896,8
REF_0324-28,closepack36,920.5,0.9,45.0,-45.0,lcal,16,-0.991938,0.147963,0.022438,0.015805,8
REF_0324-28,closepack36,920.5,0.9,45.0,-45.0,lcal,17,-1.241488,0.139048,0.034075,0.019832,8
REF_0324-28,closepack36,920.5,0.9,45.0,-45.0,lcal,18,0.86595,0.036723,-0.030588,0.014063,8
REF_0324-28,closepack36,920.5,0.9,45.0,-45.0,lcal,19,1.613925,0.083946,-0.010762,0.015515,8
REF_0324-28,closepack36,920.5,0.9,45.0,-45.0,lcal,20,0.508238,0.162797,0.0128,0.013698,8
REF_0324-28,closepack36,920.5,0.9,45.0,-45.0,lcal,21,0.194225,0.09179,0.057988,0.017637,8
REF_0324-28,closepack36,920.5,0.9,45.0,-45.0,lcal,22,-0.028975,0.080614,0.06505,0.013112,8
REF_0324-28,closepack36,920.5,0.9,45.0,-45.0,lcal,23,0.058088,0.097426,0.034012,0.0295,8
REF_0324-28,closepack36,920.5,0.9,45.0,-45.0,lcal,24,-0.595338,0.18716,-0.0129,0.025398,8
REF_0324-28,closepack36,920.5,0.9,45.0,-45.0,lcal,25,-0.2097,0.12724,-0.00665,0.016281,8
REF_0324-28,closepack36,920.5,0.9,45.0,-45.0,lcal,26,1.043125,0.167567,0.013988,0.010682,8
REF_0324-28,closepack36,920.5,0.9,45.0,-45.0,lcal,27,0.53675,0.232692,0.037325,0.0031,8
REF_0324-28,closepack36,920.5,0.9,45.0,-45.0,lcal,28,-0.072138,0.110348,0.0194,0.003468,8
REF_0324-28,closepack36,920.5,0.9,45.0,-45.0,lcal,29,-0.13275,0.069017,0.0206,0.006702,8
REF_0324-28,closepack36,920.5,0.9,45.0,-45.0,lcal,30,-0.099938,0.118412,-0.026312,0.012915,8
REF_0324-28,closepack36,920.5,0.9,45.0,-45.0,lcal,31,0.259312,0.087553,0.003738,0.014571,8
REF_0324-28,closepack36,920.5,0.9,45.0,-45.0,lcal,32,0.482525,0.10835,0.00705,0.011771,8
REF_0324-28,closepack36,920.5,0.9,45.0,-45.0,lcal,33,-0.194288,0.107991,0.048325,0.002308,8
REF_0324-28,closepack36,920.5,0.9,45.0,-45.0,lcal,34,-0.406425,0.071591,0.084825,0.005842,8
REF_0324-28,closepack36,920.5,0.9,45.0,-45.0,lcal,35,-0.738588,0.101597,0.950162,0.045545,8
REF_0236-28,closepack36,920.5,0.9,45.0,-45.0,bpcal,0,0.7216,0.266765,-1.306843,0.034521,7
REF_0236-28,closepack36,920.5,0.9,45.0,-45.0,bpcal,1,0.4316,0.066324,0.176714,0.007386,7
REF_0236-28,closepack36,920.5,0.9,45.0,-45.0,bpcal,2,-0.7208,0.143116,-0.101414,0.032974,7
REF_0236-28,closepack36,920.5,0.9,45.0,-45.0,bpcal,3,-0.039014,0.118877,0.416514,0.011974,7
REF_0236-28,closepack36,920.5,0.9,45.0,-45.0,bpcal,4,0.426771,0.125835,0.600429,0.01038,7
REF_0236-28,closepack36,920.5,0.9,45.0,-45.0,bpcal,5,-0.118086,0.078027,0.500957,0.052804,7
REF_0236-28,closepack36,920.5,0.9,45.0,-45.0,bpcal,6,0.516743,0.090424,-0.025457,0.019226,7
REF_0236-28,closepack36,920.5,0.9,45.0,-45.0,bpcal,7,0.322786,0.059893,-0.493743,0.013599,7
REF_0236-28,closepack36,920.5,0.9,45.0,-45.0,bpcal,8,-0.015629,0.053704,0.046529,0.029551,7
REF_0236-28,closepack36,920.5,0.9,45.0,-45.0,bpcal,9,-0.231529,0.102126,0.420271,0.010219,7
REF_0236-28,closepack36,920.5,0.9,45.0,-45.0,bpcal,10,-0.017386,0.07674,0.573757,0.016376,7
REF_0236-28,closepack36,920.5,0.9,45.0,-45.0,bpcal,11,-0.262514,0.058286,0.434029,0.067416,7
REF_0236-28,closepack36,920.5,0.9,45.0,-45.0,bpcal,12,-0.057457,0.211984,-0.019757,0.021804,7
REF_0236-28,closepack36,920.5,0.9,45.0,-45.0,bpcal,13,0.130714,0.061717,-0.076157,0.023208,7
REF_0236-28,closepack36,920.5,0.9,45.0,-45.0,bpcal,14,0.156871,0.083923,0.081786,0.034709,7
REF_0236-28,closepack36,920.5,0.9,45.0,-45.0,bpcal,15,-0.045771,0.113991,0.041014,0.005709,7
REF_0236-28,closepack36,920.5,0.9,45.0,-45.0,bpcal,16,0.718114,0.125491,0.272314,0.013454,7
REF_0236-28,closepack36,920.5,0.9,45.0,-45.0,bpcal,17,0.712914,0.141689,0.009257,0.026606,7
REF_0236-28,closepack36,920.5,0.9,45.0,-45.0,bpcal,18,-0.655757,0.091005,0.1361,0.020301,7
REF_0236-28,closepack36,920.5,0.9,45.0,-45.0,bpcal,19,-1.618929,0.097315,0.219,0.014769,7
REF_0236-28,closepack36,920.5,0.9,45.0,-45.0,bpcal,20,-0.564929,0.127589,-0.099886,0.00864,7
REF_0236-28,closepack36,920.5,0.9,45.0,-45.0,bpcal,21,0.199357,0.122644,0.0706,0.016591,7
REF_0236-28,closepack36,920.5,0.9,45.0,-45.0,bpcal,22,0.440357,0.081017,-0.205071,0.006287,7
REF_0236-28,closepack36,920.5,0.9,45.0,-45.0,bpcal,23,0.443814,0.089512,0.023043,0.041178,7
REF_0236-28,closepack36,920.5,0.9,45.0,-45.0,bpcal,24,1.220329,0.144627,0.053414,0.021298,7
REF_0236-28,closepack36,920.5,0.9,45.0,-45.0,bpcal,25,-1.581157,0.113406,0.480057,0.022555,7
REF_0236-28,closepack36,920.5,0.9,45.0,-45.0,bpcal,26,-1.4807,0.091232,0.1992,0.012934,7
REF_0236-28,closepack36,920.5,0.9,45.0,-45.0,bpcal,27,0.182686,0.138566,-0.137714,0.007709,7
REF_0236-28,closepack36,920.5,0.9,45.0,-45.0,bpcal,28,0.172771,0.032878,-0.877886,0.020431,7
REF_0236-28,closepack36,920.5,0.9,45.0,-45.0,bpcal,29,0.3246,0.066108,-0.010357,0.004753,7
REF_0236-28,closepack36,920.5,0.9,45.0,-45.0,bpcal,30,-0.2673,0.061402,0.102957,0.023175,7
REF_0236-28,closepack36,920.5,0.9,45.0,-45.0,bpcal,31,-0.311786,0.041334,-0.146157,0.034721,7
REF_0236-28,closepack36,920.5,0.9,45.0,-45.0,bpcal,32,0.693257,0.096726,-0.172129,0.020879,7
REF_0236-28,closepack36,920.5,0.9,45.0,-45.0,bpcal,33,0.441714,0.11018,-0.308729,0.014335,7
REF_0236-28,closepack36,920.5,0.9,45.0,-45.0,bpcal,34,0.3587,0.14084,0.312557,0.011725,7
REF_0236-28,closepack36,920.5,0.9,45.0,-45.0,bpcal,35,0.446843,0.1077,-0.301157,0.043594,7
REF_0236-28,closepack36,920.5,0.9,45.0,-45.0,lcal,0,0.695614,0.261759,-0.079114,0.042942,7
REF_0236-28,closepack36,920.5,0.9,45.0,-45.0,lcal,1,0.417729,0.058792,0.026186,0.005607,7
REF_0236-28,closepack36,920.5,0.9,45.0,-45.0,lcal,2,-0.745943,0.143903,0.022786,0.010894,7
REF_0236-28,closepack36,920.5,0.9,45.0,-45.0,lcal,3,-0.049243,0.111104,-0.002557,0.011021,7
REF_0236-28,closepack36,920.5,0.9,45.0,-45.0,lcal,4,0.415829,0.118573,0.031857,0.001086,7
REF_0236-28,closepack36,920.5,0.9,45.0,-45.0,lcal,5,-0.118729,0.068252,0.029143,0.031261,7
REF_0236-28,closepack36,920.5,0.9,45.0,-45.0,lcal,6,0.4917,0.099596,-0.016143,0.012348,7
REF_0236-28,closepack36,920.5,0.9,45.0,-45.0,lcal,7,0.307629,0.065452,0.0048,0.022128,7
REF_0236-28,closepack36,920.5,0.9,45.0,-45.0,lcal,8,-0.028857,0.056562,-0.014143,0.028389,7
REF_0236-28,closepack36,920.5,0.9,45.0,-45.0,lcal,9,-0.232357,0.092283,-0.004457,0.011168,7
REF_0236-28,closepack36,920.5,0.9,45.0,-45.0,lcal,10,-0.011,0.075895,0.013071,0.013798,7
REF_0236-28,closepack36,920.5,0.9,45.0,-45.0,lcal,11,-0.237314,0.064688,0.016671,0.034433,7
REF_0236-28,closepack36,920.5,0.9,45.0,-45.0,lcal,12,-0.073129,0.209885,-0.040271,0.0263,7
REF_0236-28,closepack36,920.5,0.9,45.0,-45.0,lcal,13,0.129957,0.063594,-0.024271,0.017687,7
REF_0236-28,closepack36,920.5,0.9,45.0,-45.0,lcal,14,0.186743,0.102911,-0.021229,0.016381,7
REF_0236-28,closepack36,920.5,0.9,45.0,-45.0,lcal,15,-0.009129,0.117096,0.018543,0.008019,7
REF_0236-28,closepack36,920.5,0.9,45.0,-45.0,lcal,16,0.7368,0.134008,0.024629,0.014693,7
REF_0236-28,closepack36,920.5,0.9,45.0,-45.0,lcal,17,0.725471,0.157745,0.043214,0.019922,7
REF_0236-28,closepack36,920.5,0.9,45.0,-45.0,lcal,18,-0.676429,0.086035,-0.028971,0.016107,7
REF_0236-28,closepack36,920.5,0.9,45.0,-45.0,lcal,19,-1.582771,0.0906,-0.015243,0.013197,7
REF_0236-28,closepack36,920.5,0.9,45.0,-45.0,lcal,20,-0.534057,0.132871,0.009443,0.012601,7
REF_0236-28,closepack36,920.5,0.9,45.0,-45.0,lcal,21,0.218086,0.122707,0.054029,0.015909,7
REF_0236-28,closepack36,920.5,0.9,45.0,-45.0,lcal,22,0.448086,0.085931,0.064543,0.013821,7
REF_0236-28,closepack36,920.5,0.9,45.0,-45.0,lcal,23,0.456129,0.074553,0.038243,0.029136,7
REF_0236-28,closepack36,920.5,0.9,45.0,-45.0,lcal,24,1.186671,0.146436,-0.015029,0.02457,7
REF_0236-28,closepack36,920.5,0.9,45.0,-45.0,lcal,25,-1.587471,0.11034,-0.010657,0.015656,7
REF_0236-28,closepack36,920.5,0.9,45.0,-45.0,lcal,26,-1.471871,0.087201,0.011471,0.009874,7
REF_0236-28,closepack36,920.5,0.9,45.0,-45.0,lcal,27,0.176614,0.147191,0.038486,0.001451,7
REF_0236-28,closepack36,920.5,0.9,45.0,-45.0,lcal,28,0.162114,0.030521,0.0176,0.002325,7
REF_0236-28,closepack36,920.5,0.9,45.0,-45.0,lcal,29,0.3099,0.065472,0.0194,0.007227,7
REF_0236-28,closepack36,920.5,0.9,45.0,-45.0,lcal,30,-0.273071,0.064059,-0.027486,0.010999,7
REF_0236-28,closepack36,920.5,0.9,45.0,-45.0,lcal,31,-0.312343,0.036279,0.008571,0.012156,7
REF_0236-28,closepack36,920.5,0.9,45.0,-45.0,lcal,32,0.671614,0.095817,0.010714,0.010289,7
REF_0236-28,closepack36,920.5,0.9,45.0,-45.0,lcal,33,0.444071,0.108233,0.0461,0.002377,7
REF_0236-28,closepack36,920.5,0.9,45.0,-45.0,lcal,34,0.370571,0.112988,0.085043,0.005779,7
REF_0236-28,closepack36,920.5,0.9,45.0,-45.0,lcal,35,0.428386,0.105021,1.025257,0.041884,7
REF_1212-28,closepack36,920.5,0.9,45.0,-45.0,bpcal,0,0.07678,0.08383,-1.2861,0.024643,5
REF_1212-28,closepack36,920.5,0.9,45.0,-45.0,bpcal,1,0.09422,0.025478,0.18078,0.018164,5
REF_1212-28,closepack36,920.5,0.9,45.0,-45.0,bpcal,2,0.02696,0.06419,-0.06732,0.015621,5
REF_1212-28,closepack36,920.5,0.9,45.0,-45.0,bpcal,3,0.25922,0.117122,0.43684,0.014732,5
REF_1212-28,closepack36,920.5,0.9,45.0,-45.0,bpcal,4,0.25642,0.07893,0.6305,0.008512,5
REF_1212-28,closepack36,920.5,0.9,45.0,-45.0,bpcal,5,0.03376,0.072068,0.53856,0.007796,5
REF_1212-28,closepack36,920.5,0.9,45.0,-45.0,bpcal,6,0.32034,0.048511,-0.03116,0.011424,5
REF_1212-28,closepack36,920.5,0.9,45.0,-45.0,bpcal,7,0.26834,0.041385,-0.50632,0.00725,5
REF_1212-28,closepack36,920.5,0.9,45.0,-45.0,bpcal,8,0.04214,0.083171,0.01274,0.032648,5
REF_1212-28,closepack36,920.5,0.9,45.0,-45.0,bpcal,9,-0.0866,0.075777,0.42388,0.009409,5
REF_1212-28,closepack36,920.5,0.9,45.0,-45.0,bpcal,10,0.14372,0.065309,0.60038,0.005756,5
REF_1212-28,closepack36,920.5,0.9,45.0,-45.0,bpcal,11,0.39704,0.116166,0.48264,0.036515,5
REF_1212-28,closepack36,920.5,0.9,45.0,-45.0,bpcal,12,0.15568,0.097736,-0.001,0.011578,5
REF_1212-28,closepack36,920.5,0.9,45.0,-45.0,bpcal,13,-0.05092,0.039451,-0.06402,0.01062,5
REF_1212-28,closepack36,920.5,0.9,45.0,-45.0,bpcal,14,0.06606,0.131152,0.07034,0.017751,5
REF_1212-28,closepack36,920.5,0.9,45.0,-45.0,bpcal,15,0.31298,0.127307,0.01218,0.008419,5
REF_1212-28,closepack36,920.5,0.9,45.0,-45.0,bpcal,16,0.233,0.020024,0.26752,0.002712,5
REF_1212-28,closepack36,920.5,0.9,45.0,-45.0,bpcal,17,0.21114,0.058716,0.01674,0.013796,5
REF_1212-28,closepack36,920.5,0.9,45.0,-45.0,bpcal,18,0.32338,0.025673,0.16416,0.028573,5
REF_1212-28,closepack36,920.5,0.9,45.0,-45.0,bpcal,19,-0.34584,0.068052,0.251,0.011297,5
REF_1212-28,closepack36,920.5,0.9,45.0,-45.0,bpcal,20,0.08316,0.151862,-0.10006,0.006475,5
REF_1212-28,closepack36,920.5,0.9,45.0,-45.0,bpcal,21,-0.0507,0.048036,0.09134,0.008071,5
REF_1212-28,closepack36,920.5,0.9,45.0,-45.0,bpcal,22,-0.0465,0.070456,-0.2071,0.005071,5
REF_1212-28,closepack36,920.5,0.9,45.0,-45.0,bpcal,23,0.32002,0.108671,0.06638,0.011566,5
REF_1212-28,closepack36,920.5,0.9,45.0,-45.0,bpcal,24,0.86336,0.119081,0.10828,0.01132,5
REF_1212-28,closepack36,920.5,0.9,45.0,-45.0,bpcal,25,1.54378,0.066046,0.50518,0.013308,5
REF_1212-28,closepack36,920.5,0.9,45.0,-45.0,bpcal,26,1.47352,0.132533,0.22702,0.014316,5
REF_1212-28,closepack36,920.5,0.9,45.0,-45.0,bpcal,27,3.59082,0.060798,-0.12932,0.010097,5
REF_1212-28,closepack36,920.5,0.9,45.0,-45.0,bpcal,28,1.73368,0.092524,-0.87534,0.00354,5
REF_1212-28,closepack36,920.5,0.9,45.0,-45.0,bpcal,29,0.29212,0.064806,-0.00032,0.007304,5
REF_1212-28,closepack36,920.5,0.9,45.0,-45.0,bpcal,30,0.63584,0.067144,0.11932,0.017176,5
REF_1212-28,closepack36,920.5,0.9,45.0,-45.0,bpcal,31,1.96586,0.288887,-0.11344,0.019074,5
REF_1212-28,closepack36,920.5,0.9,45.0,-45.0,bpcal,32,4.25144,0.095541,-0.1372,0.017086,5
REF_1212-28,closepack36,920.5,0.9,45.0,-45.0,bpcal,33,5.2731,0.135086,-0.28028,0.011206,5
REF_1212-28,closepack36,920.5,0.9,45.0,-45.0,bpcal,34,1.1442,0.140814,0.33332,0.010033,5
REF_1212-28,closepack36,920.5,0.9,45.0,-45.0,bpcal,35,1.29754,0.101734,-0.27022,0.047582,5
REF_1212-28,closepack36,920.5,0.9,45.0,-45.0,lcal,0,0.03474,0.098839,-0.09596,0.027666,5
REF_1212-28,closepack36,920.5,0.9,45.0,-45.0,lcal,1,0.03596,0.025723,0.02162,0.005602,5
REF_1212-28,closepack36,920.5,0.9,45.0,-45.0,lcal,2,0.01036,0.059676,0.0367,0.006158,5
REF_1212-28,closepack36,920.5,0.9,45.0,-45.0,lcal,3,0.26904,0.113451,-0.00464,0.016411,5
REF_1212-28,closepack36,920.5,0.9,45.0,-45.0,lcal,4,0.26606,0.086082,0.03422,0.004276,5
REF_1212-28,closepack36,920.5,0.9,45.0,-45.0,lcal,5,0.03684,0.074512,0.05028,0.003091,5
REF_1212-28,closepack36,920.5,0.9,45.0,-45.0,lcal,6,0.32334,0.047636,-0.01918,0.004263,5
REF_1212-28,closepack36,920.5,0.9,45.0,-45.0,lcal,7,0.26254,0.042092,-0.00788,0.010844,5
REF_1212-28,closepack36,920.5,0.9,45.0,-45.0,lcal,8,0.05502,0.089002,-0.0238,0.029636,5
REF_1212-28,closepack36,920.5,0.9,45.0,-45.0,lcal,9,-0.084,0.079899,0.00042,0.014107,5
REF_1212-28,closepack36,920.5,0.9,45.0,-45.0,lcal,10,0.16686,0.066656,0.02114,0.008592,5
REF_1212-28,closepack36,920.5,0.9,45.0,-45.0,lcal,11,0.46132,0.131999,0.03846,0.005496,5
REF_1212-28,closepack36,920.5,0.9,45.0,-45.0,lcal,12,0.19214,0.093491,-0.0602,0.015505,5
REF_1212-28,closepack36,920.5,0.9,45.0,-45.0,lcal,13,-0.03576,0.045534,-0.0352,0.00216,5
REF_1212-28,closepack36,920.5,0.9,45.0,-45.0,lcal,14,0.05196,0.140918,-0.03858,0.004807,5
REF_1212-28,closepack36,920.5,0.9,45.0,-45.0,lcal,15,0.26194,0.145063,0.01682,0.007629,5
REF_1212-28,closepack36,920.5,0.9,45.0,-45.0,lcal,16,0.22246,0.030201,0.03144,0.003838,5
REF_1212-28,closepack36,920.5,0.9,45.0,-45.0,lcal,17,0.25478,0.056712,0.05366,0.002817,5
REF_1212-28,closepack36,920.5,0.9,45.0,-45.0,lcal,18,0.30994,0.018303,-0.03874,0.006224,5
REF_1212-28,closepack36,920.5,0.9,45.0,-45.0,lcal,19,-0.40112,0.092968,-0.02974,0.00295,5
REF_1212-28,closepack36,920.5,0.9,45.0,-45.0,lcal,20,0.04268,0.154171,-0.00138,0.001725,5
REF_1212-28,closepack36,920.5,0.9,45.0,-45.0,lcal,21,-0.05616,0.054969,0.0628,0.007309,5
REF_1212-28,closepack36,920.5,0.9,45.0,-45.0,lcal,22,-0.04906,0.078249,0.0707,0.005788,5
REF_1212-28,closepack36,920.5,0.9,45.0,-45.0,lcal,23,0.3599,0.103437,0.05984,0.003326,5
REF_1212-28,closepack36,920.5,0.9,45.0,-45.0,lcal,24,1.03568,0.150118,-0.0213,0.004618,5
REF_1212-28,closepack36,920.5,0.9,45.0,-45.0,lcal,25,1.61202,0.063553,-0.0054,0.005223,5
REF_1212-28,closepack36,920.5,0.9,45.0,-45.0,lcal,26,1.57696,0.120972,0.0189,0.00672,5
REF_1212-28,closepack36,920.5,0.9,45.0,-45.0,lcal,27,3.59012,0.060901,0.04242,0.003351,5
REF_1212-28,closepack36,920.5,0.9,45.0,-45.0,lcal,28,1.704,0.111161,0.01904,0.001045,5
REF_1212-28,closepack36,920.5,0.9,45.0,-45.0,lcal,29,0.29198,0.063731,0.018,0.008475,5
REF_1212-28,closepack36,920.5,0.9,45.0,-45.0,lcal,30,0.70792,0.073775,-0.01016,0.00927,5
REF_1212-28,closepack36,920.5,0.9,45.0,-45.0,lcal,31,2.14698,0.251918,0.03978,0.007484,5
REF_1212-28,closepack36,920.5,0.9,45.0,-45.0,lcal,32,4.36052,0.073928,0.03208,0.007361,5
REF_1212-28,closepack36,920.5,0.9,45.0,-45.0,lcal,33,5.3076,0.128685,0.05306,0.001214,5
REF_1212-28,closepack36,920.5,0.9,45.0,-45.0,lcal,34,1.1487,0.116609,0.08328,0.006191,5
REF_1212-28,closepack36,920.5,0.9,45.0,-45.0,lcal,35,1.18954,0.080793,1.02626,0.045367,5
REF_1324-28,closepack36,920.5,0.9,45.0,-45.0,bpcal,0,0.31545,0.037403,-1.2876,0.025399,6
REF_1324-28,closepack36,920.5,0.9,45.0,-45.0,bpcal,1,0.191483,0.100534,0.174117,0.013479,6
REF_1324-28,closepack36,920.5,0.9,45.0,-45.0,bpcal,2,0.41225,0.047223,-0.070667,0.017158,6
REF_1324-28,closepack36,920.5,0.9,45.0,-45.0,bpcal,3,-0.222583,0.064404,0.449583,0.015477,6
REF_1324-28,closepack36,920.5,0.9,45.0,-45.0,bpcal,4,-0.095267,0.054045,0.611883,0.01533,6
REF_1324-28,closepack36,920.5,0.9,45.0,-45.0,bpcal,5,0.006417,0.103557,0.5295,0.01221,6
REF_1324-28,closepack36,920.5,0.9,45.0,-45.0,bpcal,6,-0.209517,0.061414,-0.0218,0.018572,6
REF_1324-28,closepack36,920.5,0.9,45.0,-45.0,bpcal,7,0.1609,0.027831,-0.501433,0.00793,6
REF_1324-28,closepack36,920.5,0.9,45.0,-45.0,bpcal,8,0.197317,0.045975,0.017067,0.029607,6
REF_1324-28,closepack36,920.5,0.9,45.0,-45.0,bpcal,9,0.3617,0.069236,0.42875,0.008414,6
REF_1324-28,closepack36,920.5,0.9,45.0,-45.0,bpcal,10,-0.3379,0.081736,0.5879,0.007075,6
REF_1324-28,closepack36,920.5,0.9,45.0,-45.0,bpcal,11,-0.0705,0.066608,0.466833,0.033361,6
REF_1324-28,closepack36,920.5,0.9,45.0,-45.0,bpcal,12,-0.062517,0.09477,-0.005017,0.012452,6
REF_1324-28,closepack36,920.5,0.9,45.0,-45.0,bpcal,13,0.264617,0.058422,-0.071933,0.011575,6
REF_1324-28,closepack36,920.5,0.9,45.0,-45.0,bpcal,14,0.489667,0.091293,0.054883,0.015707,6
REF_1324-28,closepack36,920.5,0.9,45.0,-45.0,bpcal,15,0.383933,0.097991,0.02425,0.012894,6
REF_1324-28,closepack36,920.5,0.9,45.0,-45.0,bpcal,16,0.196667,0.060853,0.272417,0.008422,6
REF_1324-28,closepack36,920.5,0.9,45.0,-45.0,bpcal,17,-0.366883,0.054879,0.016883,0.016988,6
REF_1324-28,closepack36,920.5,0.9,45.0,-45.0,bpcal,18,-0.824717,0.048058,0.153383,0.019871,6
REF_1324-28,closepack36,920.5,0.9,45.0,-45.0,bpcal,19,0.156617,0.066932,0.237417,0.008988,6
REF_1324-28,closepack36,920.5,0.9,45.0,-45.0,bpcal,20,0.4299,0.094869,-0.103383,0.006642,6
REF_1324-28,closepack36,920.5,0.9,45.0,-45.0,bpcal,21,0.641883,0.069626,0.092167,0.009698,6
REF_1324-28,closepack36,920.5,0.9,45.0,-45.0,bpcal,22,0.558417,0.034995,-0.213733,0.011852,6
REF_1324-28,closepack36,920.5,0.9,45.0,-45.0,bpcal,23,1.179667,0.128918,0.0664,0.012806,6
REF_1324-28,closepack36,920.5,0.9,45.0,-45.0,bpcal,24,-0.40095,0.265135,0.0151,0.023196,6
REF_1324-28,closepack36,920.5,0.9,45.0,-45.0,bpcal,25,-0.401583,0.082651,0.488883,0.012237,6
REF_1324-28,closepack36,920.5,0.9,45.0,-45.0,bpcal,26,1.35685,0.111874,0.204633,0.007634,6
REF_1324-28,closepack36,920.5,0.9,45.0,-45.0,bpcal,27,0.554933,0.084604,-0.13535,0.012583,6
REF_1324-28,closepack36,920.5,0.9,45.0,-45.0,bpcal,28,0.606767,0.177699,-0.88045,0.00618,6
REF_1324-28,closepack36,920.5,0.9,45.0,-45.0,bpcal,29,0.4535,0.118537,-0.01195,0.008075,6
REF_1324-28,closepack36,920.5,0.9,45.0,-45.0,bpcal,30,-0.0597,0.122396,0.11295,0.02275,6
REF_1324-28,closepack36,920.5,0.9,45.0,-45.0,bpcal,31,0.4241,0.085146,-0.142917,0.012343,6
REF_1324-28,closepack36,920.5,0.9,45.0,-45.0,bpcal,32,0.776767,0.06341,-0.15095,0.018581,6
REF_1324-28,closepack36,920.5,0.9,45.0,-45.0,bpcal,33,-0.1969,0.147696,-0.29865,0.009026,6
REF_1324-28,closepack36,920.5,0.9,45.0,-45.0,bpcal,34,-0.012417,0.070909,0.324517,0.014919,6
REF_1324-28,closepack36,920.5,0.9,45.0,-45.0,bpcal,35,-0.276933,0.124613,-0.36185,0.033393,6
REF_1324-28,closepack36,920.5,0.9,45.0,-45.0,lcal,0,0.2942,0.045725,-0.097133,0.025349,6
REF_1324-28,closepack36,920.5,0.9,45.0,-45.0,lcal,1,0.173017,0.091856,0.020683,0.00655,6
REF_1324-28,closepack36,920.5,0.9,45.0,-45.0,lcal,2,0.4085,0.03559,0.0252,0.006126,6
REF_1324-28,closepack36,920.5,0.9,45.0,-45.0,lcal,3,-0.20435,0.061302,-0.004833,0.015685,6
REF_1324-28,closepack36,920.5,0.9,45.0,-45.0,lcal,4,-0.076067,0.055028,0.032917,0.004759,6
REF_1324-28,closepack36,920.5,0.9,45.0,-45.0,lcal,5,0.01025,0.107451,0.053883,0.003052,6
REF_1324-28,closepack36,920.5,0.9,45.0,-45.0,lcal,6,-0.232333,0.057249,-0.01285,0.006595,6
REF_1324-28,closepack36,920.5,0.9,45.0,-45.0,lcal,7,0.180217,0.040304,-0.007867,0.008838,6
REF_1324-28,closepack36,920.5,0.9,45.0,-45.0,lcal,8,0.210883,0.037347,-0.027033,0.026192,6
REF_1324-28,closepack36,920.5,0.9,45.0,-45.0,lcal,9,0.36275,0.062382,0.00135,0.011979,6
REF_1324-28,closepack36,920.5,0.9,45.0,-45.0,lcal,10,-0.326883,0.077575,0.020517,0.010412,6
REF_1324-28,closepack36,920.5,0.9,45.0,-45.0,lcal,11,-0.023167,0.052502,0.039433,0.003448,6
REF_1324-28,closepack36,920.5,0.9,45.0,-45.0,lcal,12,-0.039533,0.097716,-0.06395,0.016326,6
REF_1324-28,closepack36,920.5,0.9,45.0,-45.0,lcal,13,0.28755,0.063713,-0.039183,0.003022,6
REF_1324-28,closepack36,920.5,0.9,45.0,-45.0,lcal,14,0.508367,0.094725,-0.032383,0.002863,6
REF_1324-28,closepack36,920.5,0.9,45.0,-45.0,lcal,15,0.373817,0.09308,0.01785,0.006696,6
REF_1324-28,closepack36,920.5,0.9,45.0,-45.0,lcal,16,0.191267,0.055688,0.029833,0.003191,6
REF_1324-28,closepack36,920.5,0.9,45.0,-45.0,lcal,17,-0.317967,0.062233,0.055133,0.002079,6
REF_1324-28,closepack36,920.5,0.9,45.0,-45.0,lcal,18,-0.820583,0.04554,-0.04075,0.005316,6
REF_1324-28,closepack36,920.5,0.9,45.0,-45.0,lcal,19,0.150267,0.06878,-0.02235,0.002391,6
REF_1324-28,closepack36,920.5,0.9,45.0,-45.0,lcal,20,0.4009,0.095073,0.002483,0.00175,6
REF_1324-28,closepack36,920.5,0.9,45.0,-45.0,lcal,21,0.623383,0.062179,0.063,0.006903,6
REF_1324-28,closepack36,920.5,0.9,45.0,-45.0,lcal,22,0.56335,0.043139,0.065883,0.003344,6
REF_1324-28,closepack36,920.5,0.9,45.0,-45.0,lcal,23,1.2098,0.121875,0.0539,0.003258,6
REF_1324-28,closepack36,920.5,0.9,45.0,-45.0,lcal,24,-0.3713,0.2778,-0.03635,0.004123,6
REF_1324-28,closepack36,920.5,0.9,45.0,-45.0,lcal,25,-0.376583,0.091457,-0.0171,0.003187,6
REF_1324-28,closepack36,920.5,0.9,45.0,-45.0,lcal,26,1.39965,0.11909,0.009283,0.006501,6
REF_1324-28,closepack36,920.5,0.9,45.0,-45.0,lcal,27,0.54765,0.079457,0.040083,0.003424,6
REF_1324-28,closepack36,920.5,0.9,45.0,-45.0,lcal,28,0.604617,0.168753,0.017117,0.005089,6
REF_1324-28,closepack36,920.5,0.9,45.0,-45.0,lcal,29,0.43475,0.109087,0.0106,0.01342,6
REF_1324-28,closepack36,920.5,0.9,45.0,-45.0,lcal,30,-0.076583,0.120701,-0.032483,0.005825,6
REF_1324-28,closepack36,920.5,0.9,45.0,-45.0,lcal,31,0.4468,0.088942,0.013583,0.004268,6
REF_1324-28,closepack36,920.5,0.9,45.0,-45.0,lcal,32,0.7806,0.063811,0.014917,0.008803,6
REF_1324-28,closepack36,920.5,0.9,45.0,-45.0,lcal,33,-0.166917,0.151801,0.050517,0.003903,6
REF_1324-28,closepack36,920.5,0.9,45.0,-45.0,lcal,34,0.014383,0.045757,0.086783,0.006236,6
REF_1324-28,closepack36,920.5,0.9,45.0,-45.0,lcal,35,-0.30025,0.132548,0.985417,0.02785,6
REF_0524-28,closepack36,920.5,0.9,45.0,-45.0,bpcal,0,0.8783,0.0,-1.3135,0.0,1
REF_0524-28,closepack36,920.5,0.9,45.0,-45.0,bpcal,1,0.8662,0.0,0.1621,0.0,1
REF_0524-28,closepack36,920.5,0.9,45.0,-45.0,bpcal,2,0.1471,0.0,-0.1066,0.0,1
REF_0524-28,closepack36,920.5,0.9,45.0,-45.0,bpcal,3,-0.0801,0.0,0.421,0.0,1
REF_0524-28,closepack36,920.5,0.9,45.0,-45.0,bpcal,4,-0.5274,0.0,0.5758,0.0,1
REF_0524-28,closepack36,920.5,0.9,45.0,-45.0,bpcal,5,-0.9604,0.0,0.4915,0.0,1
REF_0524-28,closepack36,920.5,0.9,45.0,-45.0,bpcal,6,0.1909,0.0,-0.0098,0.0,1
REF_0524-28,closepack36,920.5,0.9,45.0,-45.0,bpcal,7,-0.5963,0.0,-0.5119,0.0,1
REF_0524-28,closepack36,920.5,0.9,45.0,-45.0,bpcal,8,-0.2535,0.0,0.0992,0.0,1
REF_0524-28,closepack36,920.5,0.9,45.0,-45.0,bpcal,9,0.0993,0.0,0.4232,0.0,1
REF_0524-28,closepack36,920.5,0.9,45.0,-45.0,bpcal,10,0.4331,0.0,0.5919,0.0,1
REF_0524-28,closepack36,920.5,0.9,45.0,-45.0,bpcal,11,2.0909,0.0,0.3222,0.0,1
REF_0524-28,closepack36,920.5,0.9,45.0,-45.0,bpcal,12,-0.7095,0.0,-0.0871,0.0,1
REF_0524-28,closepack36,920.5,0.9,45.0,-45.0,bpcal,13,-0.0525,0.0,-0.1183,0.0,1
REF_0524-28,closepack36,920.5,0.9,45.0,-45.0,bpcal,14,-0.1103,0.0,0.0929,0.0,1
REF_0524-28,closepack36,920.5,0.9,45.0,-45.0,bpcal,15,-0.3777,0.0,0.0542,0.0,1
REF_0524-28,closepack36,920.5,0.9,45.0,-45.0,bpcal,16,-0.1058,0.0,0.2785,0.0,1
REF_0524-28,closepack36,920.5,0.9,45.0,-45.0,bpcal,17,0.1889,0.0,-0.0328,0.0,1
REF_0524-28,closepack36,920.5,0.9,45.0,-45.0,bpcal,18,-0.0352,0.0,0.0784,0.0,1
REF_0524-28,closepack36,920.5,0.9,45.0,-45.0,bpcal,19,0.5313,0.0,0.1963,0.0,1
REF_0524-28,closepack36,920.5,0.9,45.0,-45.0,bpcal,20,0.1309,0.0,-0.1297,0.0,1
REF_0524-28,closepack36,920.5,0.9,45.0,-45.0,bpcal,21,0.2012,0.0,0.0502,0.0,1
REF_0524-28,closepack36,920.5,0.9,45.0,-45.0,bpcal,22,-0.165,0.0,-0.2542,0.0,1
REF_0524-28,closepack36,920.5,0.9,45.0,-45.0,bpcal,23,0.1591,0.0,-0.0128,0.0,1
REF_0524-28,closepack36,920.5,0.9,45.0,-45.0,bpcal,24,-0.0627,0.0,0.0894,0.0,1
REF_0524-28,closepack36,920.5,0.9,45.0,-45.0,bpcal,25,0.3499,0.0,0.4247,0.0,1
REF_0524-28,closepack36,920.5,0.9,45.0,-45.0,bpcal,26,0.54,0.0,0.1679,0.0,1
REF_0524-28,closepack36,920.5,0.9,45.0,-45.0,bpcal,27,0.328,0.0,-0.1314,0.0,1
REF_0524-28,closepack36,920.5,0.9,45.0,-45.0,bpcal,28,0.4327,0.0,-0.9203,0.0,1
REF_0524-28,closepack36,920.5,0.9,45.0,-45.0,bpcal,29,-0.5547,0.0,-0.0292,0.0,1
REF_0524-28,closepack36,920.5,0.9,45.0,-45.0,bpcal,30,1.4508,0.0,0.033,0.0,1
REF_0524-28,closepack36,920.5,0.9,45.0,-45.0,bpcal,31,0.0107,0.0,-0.1816,0.0,1
REF_0524-28,closepack36,920.5,0.9,45.0,-45.0,bpcal,32,0.1109,0.0,-0.2056,0.0,1
REF_0524-28,closepack36,920.5,0.9,45.0,-45.0,bpcal,33,0.1233,0.0,-0.3283,0.0,1
REF_0524-28,closepack36,920.5,0.9,45.0,-45.0,bpcal,34,-0.4603,0.0,0.2684,0.0,1
REF_0524-28,closepack36,920.5,0.9,45.0,-45.0,bpcal,35,-0.3331,0.0,-0.4531,0.0,1
REF_0524-28,closepack36,920.5,0.9,45.0,-45.0,lcal,0,0.8853,0.0,-0.0523,0.0,1
REF_0524-28,closepack36,920.5,0.9,45.0,-45.0,lcal,1,0.8973,0.0,0.0375,0.0,1
REF_0524-28,closepack36,920.5,0.9,45.0,-45.0,lcal,2,0.146,0.0,0.0245,0.0,1
REF_0524-28,closepack36,920.5,0.9,45.0,-45.0,lcal,3,-0.0837,0.0,0.0218,0.0,1
REF_0524-28,closepack36,920.5,0.9,45.0,-45.0,lcal,4,-0.5345,0.0,0.0303,0.0,1
REF_0524-28,closepack36,920.5,0.9,45.0,-45.0,lcal,5,-0.9732,0.0,0.0606,0.0,1
REF_0524-28,closepack36,920.5,0.9,45.0,-45.0,lcal,6,0.1872,0.0,-0.01,0.0,1
REF_0524-28,closepack36,920.5,0.9,45.0,-45.0,lcal,7,-0.5983,0.0,0.0091,0.0,1
REF_0524-28,closepack36,920.5,0.9,45.0,-45.0,lcal,8,-0.2644,0.0,0.0245,0.0,1
REF_0524-28,closepack36,920.5,0.9,45.0,-45.0,lcal,9,0.1188,0.0,0.0173,0.0,1
REF_0524-28,closepack36,920.5,0.9,45.0,-45.0,lcal,10,0.4294,0.0,0.0395,0.0,1
REF_0524-28,closepack36,920.5,0.9,45.0,-45.0,lcal,11,2.0873,0.0,0.0333,0.0,1
REF_0524-28,closepack36,920.5,0.9,45.0,-45.0,lcal,12,-0.7095,0.0,-0.0273,0.0,1
REF_0524-28,closepack36,920.5,0.9,45.0,-45.0,lcal,13,-0.0326,0.0,-0.0293,0.0,1
REF_0524-28,closepack36,920.5,0.9,45.0,-45.0,lcal,14,-0.0448,0.0,-0.0331,0.0,1
REF_0524-28,closepack36,920.5,0.9,45.0,-45.0,lcal,15,-0.3294,0.0,0.0038,0.0,1
REF_0524-28,closepack36,920.5,0.9,45.0,-45.0,lcal,16,-0.1027,0.0,0.0375,0.0,1
REF_0524-28,closepack36,920.5,0.9,45.0,-45.0,lcal,17,0.1902,0.0,0.0499,0.0,1
REF_0524-28,closepack36,920.5,0.9,45.0,-45.0,lcal,18,-0.0329,0.0,-0.0488,0.0,1
REF_0524-28,closepack36,920.5,0.9,45.0,-45.0,lcal,19,0.5576,0.0,-0.0184,0.0,1
REF_0524-28,closepack36,920.5,0.9,45.0,-45.0,lcal,20,0.1489,0.0,0.0038,0.0,1
REF_0524-28,closepack36,920.5,0.9,45.0,-45.0,lcal,21,0.1986,0.0,0.049,0.0,1
REF_0524-28,closepack36,920.5,0.9,45.0,-45.0,lcal,22,-0.1707,0.0,0.0624,0.0,1
REF_0524-28,closepack36,920.5,0.9,45.0,-45.0,lcal,23,0.1477,0.0,0.0467,0.0,1
REF_0524-28,closepack36,920.5,0.9,45.0,-45.0,lcal,24,-0.0742,0.0,-0.0212,0.0,1
REF_0524-28,closepack36,920.5,0.9,45.0,-45.0,lcal,25,0.3537,0.0,-0.0176,0.0,1
REF_0524-28,closepack36,920.5,0.9,45.0,-45.0,lcal,26,0.5281,0.0,0.0198,0.0,1
REF_0524-28,closepack36,920.5,0.9,45.0,-45.0,lcal,27,0.3186,0.0,0.0322,0.0,1
REF_0524-28,closepack36,920.5,0.9,45.0,-45.0,lcal,28,0.4048,0.0,0.0144,0.0,1
REF_0524-28,closepack36,920.5,0.9,45.0,-45.0,lcal,29,-0.5616,0.0,0.034,0.0,1
REF_0524-28,closepack36,920.5,0.9,45.0,-45.0,lcal,30,1.457,0.0,-0.0497,0.0,1
REF_0524-28,closepack36,920.5,0.9,45.0,-45.0,lcal,31,-0.0119,0.0,0.0044,0.0,1
REF_0524-28,closepack36,920.5,0.9,45.0,-45.0,lcal,32,0.1032,0.0,0.0012,0.0,1
REF_0524-28,closepack36,920.5,0.9,45.0,-45.0,lcal,33,0.0978,0.0,0.0496,0.0,1
REF_0524-28,closepack36,920.5,0.9,45.0,-45.0,lcal,34,-0.47,0.0,0.0915,0.0,1
REF_0524-28,closepack36,920.5,0.9,45.0,-45.0,lcal,35,-0.3376,0.0,0.9216,0.0,1
REF_2300-28,closepack36,920.5,0.9,45.0,-45.0,bpcal,0,-1.5002,0.0,-1.3103,0.0,1
REF_2300-28,closepack36,920.5,0.9,45.0,-45.0,bpcal,1,0.3947,0.0,0.1868,0.0,1
REF_2300-28,closepack36,920.5,0.9,45.0,-45.0,bpcal,2,0.8115,0.0,-0.0502,0.0,1
REF_2300-28,closepack36,920.5,0.9,45.0,-45.0,bpcal,3,-0.1847,0.0,0.4393,0.0,1
REF_2300-28,closepack36,920.5,0.9,45.0,-45.0,bpcal,4,-0.1741,0.0,0.6301,0.0,1
REF_2300-28,closepack36,920.5,0.9,45.0,-45.0,bpcal,5,-0.2737,0.0,0.5473,0.0,1
REF_2300-28,closepack36,920.5,0.9,45.0,-45.0,bpcal,6,1.319,0.0,-0.0345,0.0,1
REF_2300-28,closepack36,920.5,0.9,45.0,-45.0,bpcal,7,0.4158,0.0,-0.4983,0.0,1
REF_2300-28,closepack36,920.5,0.9,45.0,-45.0,bpcal,8,0.1419,0.0,0.0065,0.0,1
REF_2300-28,closepack36,920.5,0.9,45.0,-45.0,bpcal,9,0.3722,0.0,0.4284,0.0,1
REF_2300-28,closepack36,920.5,0.9,45.0,-45.0,bpcal,10,0.0232,0.0,0.5974,0.0,1
REF_2300-28,closepack36,920.5,0.9,45.0,-45.0,bpcal,11,-0.3146,0.0,0.489,0.0,1
REF_2300-28,closepack36,920.5,0.9,45.0,-45.0,bpcal,12,0.7937,0.0,-0.0128,0.0,1
REF_2300-28,closepack36,920.5,0.9,45.0,-45.0,bpcal,13,0.0585,0.0,-0.0586,0.0,1
REF_2300-28,closepack36,920.5,0.9,45.0,-45.0,bpcal,14,0.6193,0.0,0.0417,0.0,1
REF_2300-28,closepack36,920.5,0.9,45.0,-45.0,bpcal,15,0.2678,0.0,0.0172,0.0,1
REF_2300-28,closepack36,920.5,0.9,45.0,-45.0,bpcal,16,0.0962,0.0,0.2777,0.0,1
REF_2300-28,closepack36,920.5,0.9,45.0,-45.0,bpcal,17,0.0943,0.0,0.043,0.0,1
REF_2300-28,closepack36,920.5,0.9,45.0,-45.0,bpcal,18,0.172,0.0,0.1777,0.0,1
REF_2300-28,closepack36,920.5,0.9,45.0,-45.0,bpcal,19,1.1924,0.0,0.2487,0.0,1
REF_2300-28,closepack36,920.5,0.9,45.0,-45.0,bpcal,20,-0.0564,0.0,-0.0947,0.0,1
REF_2300-28,closepack36,920.5,0.9,45.0,-45.0,bpcal,21,-0.3466,0.0,0.0949,0.0,1
REF_2300-28,closepack36,920.5,0.9,45.0,-45.0,bpcal,22,-0.2178,0.0,-0.1716,0.0,1
REF_2300-28,closepack36,920.5,0.9,45.0,-45.0,bpcal,23,-0.3025,0.0,0.0902,0.0,1
REF_2300-28,closepack36,920.5,0.9,45.0,-45.0,bpcal,24,-0.5677,0.0,0.0848,0.0,1
REF_2300-28,closepack36,920.5,0.9,45.0,-45.0,bpcal,25,0.545,0.0,0.5109,0.0,1
REF_2300-28,closepack36,920.5,0.9,45.0,-45.0,bpcal,26,1.5487,0.0,0.2167,0.0,1
REF_2300-28,closepack36,920.5,0.9,45.0,-45.0,bpcal,27,0.3372,0.0,-0.1095,0.0,1
REF_2300-28,closepack36,920.5,0.9,45.0,-45.0,bpcal,28,0.2734,0.0,-0.8766,0.0,1
REF_2300-28,closepack36,920.5,0.9,45.0,-45.0,bpcal,29,0.2381,0.0,0.0093,0.0,1
REF_2300-28,closepack36,920.5,0.9,45.0,-45.0,bpcal,30,-0.0116,0.0,0.1213,0.0,1
REF_2300-28,closepack36,920.5,0.9,45.0,-45.0,bpcal,31,0.449,0.0,-0.1176,0.0,1
REF_2300-28,closepack36,920.5,0.9,45.0,-45.0,bpcal,32,0.3575,0.0,-0.1449,0.0,1
REF_2300-28,closepack36,920.5,0.9,45.0,-45.0,bpcal,33,-0.2511,0.0,-0.2906,0.0,1
REF_2300-28,closepack36,920.5,0.9,45.0,-45.0,bpcal,34,-0.3437,0.0,0.3365,0.0,1
REF_2300-28,closepack36,920.5,0.9,45.0,-45.0,bpcal,35,-0.0648,0.0,-0.3123,0.0,1
REF_2300-28,closepack36,920.5,0.9,45.0,-45.0,lcal,0,-1.5926,0.0,-0.1365,0.0,1
REF_2300-28,closepack36,920.5,0.9,45.0,-45.0,lcal,1,0.328,0.0,0.0255,0.0,1
REF_2300-28,closepack36,920.5,0.9,45.0,-45.0,lcal,2,0.8039,0.0,0.0212,0.0,1
REF_2300-28,closepack36,920.5,0.9,45.0,-45.0,lcal,3,-0.1816,0.0,-0.0071,0.0,1
REF_2300-28,closepack36,920.5,0.9,45.0,-45.0,lcal,4,-0.1627,0.0,0.0332,0.0,1
REF_2300-28,closepack36,920.5,0.9,45.0,-45.0,lcal,5,-0.2637,0.0,0.0511,0.0,1
REF_2300-28,closepack36,920.5,0.9,45.0,-45.0,lcal,6,1.3044,0.0,-0.0141,0.0,1
REF_2300-28,closepack36,920.5,0.9,45.0,-45.0,lcal,7,0.4207,0.0,-0.0138,0.0,1
REF_2300-28,closepack36,920.5,0.9,45.0,-45.0,lcal,8,0.1449,0.0,-0.0387,0.0,1
REF_2300-28,closepack36,920.5,0.9,45.0,-45.0,lcal,9,0.3732,0.0,-0.0044,0.0,1
REF_2300-28,closepack36,920.5,0.9,45.0,-45.0,lcal,10,0.0288,0.0,0.0158,0.0,1
REF_2300-28,closepack36,920.5,0.9,45.0,-45.0,lcal,11,-0.305,0.0,0.026,0.0,1
REF_2300-28,closepack36,920.5,0.9,45.0,-45.0,lcal,12,0.76,0.0,-0.07,0.0,1
REF_2300-28,closepack36,920.5,0.9,45.0,-45.0,lcal,13,0.091,0.0,-0.0323,0.0,1
REF_2300-28,closepack36,920.5,0.9,45.0,-45.0,lcal,14,0.6429,0.0,-0.0332,0.0,1
REF_2300-28,closepack36,920.5,0.9,45.0,-45.0,lcal,15,0.2747,0.0,0.0193,0.0,1
REF_2300-28,closepack36,920.5,0.9,45.0,-45.0,lcal,16,0.1087,0.0,0.0283,0.0,1
REF_2300-28,closepack36,920.5,0.9,45.0,-45.0,lcal,17,0.1133,0.0,0.0552,0.0,1
REF_2300-28,closepack36,920.5,0.9,45.0,-45.0,lcal,18,0.1911,0.0,-0.036,0.0,1
REF_2300-28,closepack36,920.5,0.9,45.0,-45.0,lcal,19,1.2265,0.0,-0.0247,0.0,1
REF_2300-28,closepack36,920.5,0.9,45.0,-45.0,lcal,20,-0.0298,0.0,0.0033,0.0,1
REF_2300-28,closepack36,920.5,0.9,45.0,-45.0,lcal,21,-0.3623,0.0,0.0635,0.0,1
REF_2300-28,closepack36,920.5,0.9,45.0,-45.0,lcal,22,-0.2015,0.0,0.0781,0.0,1
REF_2300-28,closepack36,920.5,0.9,45.0,-45.0,lcal,23,-0.2986,0.0,0.0593,0.0,1
REF_2300-28,closepack36,920.5,0.9,45.0,-45.0,lcal,24,-0.5775,0.0,-0.0259,0.0,1
REF_2300-28,closepack36,920.5,0.9,45.0,-45.0,lcal,25,0.5493,0.0,-0.019,0.0,1
REF_2300-28,closepack36,920.5,0.9,45.0,-45.0,lcal,26,1.5743,0.0,0.0041,0.0,1
REF_2300-28,closepack36,920.5,0.9,45.0,-45.0,lcal,27,0.3423,0.0,0.0445,0.0,1
REF_2300-28,closepack36,920.5,0.9,45.0,-45.0,lcal,28,0.2048,0.0,0.0171,0.0,1
REF_2300-28,closepack36,920.5,0.9,45.0,-45.0,lcal,29,0.208,0.0,0.012,0.0,1
REF_2300-28,closepack36,920.5,0.9,45.0,-45.0,lcal,30,-0.0202,0.0,-0.0327,0.0,1
REF_2300-28,closepack36,920.5,0.9,45.0,-45.0,lcal,31,0.4747,0.0,0.0207,0.0,1
REF_2300-28,closepack36,920.5,0.9,45.0,-45.0,lcal,32,0.3093,0.0,0.0143,0.0,1
REF_2300-28,closepack36,920.5,0.9,45.0,-45.0,lcal,33,-0.2438,0.0,0.0475,0.0,1
REF_2300-28,closepack36,920.5,0.9,45.0,-45.0,lcal,34,-0.2714,0.0,0.0804,0.0,1
REF_2300-28,closepack36,920.5,0.9,45.0,-45.0,lcal,35,-0.0758,0.0,1.0037,0.0,1
REF_1612-28,closepack36,920.5,0.9,45.0,-45.0,bpcal,0,0.11525,0.056781,-1.32685,0.003889,2
REF_1612-28,closepack36,920.5,0.9,45.0,-45.0,bpcal,1,0.2085,0.025173,0.159,0.010324,2
REF_1612-28,closepack36,920.5,0.9,45.0,-45.0,bpcal,2,-0.55775,0.037547,-0.10545,0.002616,2
REF_1612-28,closepack36,920.5,0.9,45.0,-45.0,bpcal,3,0.02825,0.032032,0.3966,0.001414,2
REF_1612-28,closepack36,920.5,0.9,45.0,-45.0,bpcal,4,-0.3561,0.133785,0.5786,0.000566,2
REF_1612-28,closepack36,920.5,0.9,45.0,-45.0,bpcal,5,-0.8199,0.007637,0.52005,0.008839,2
REF_1612-28,closepack36,920.5,0.9,45.0,-45.0,bpcal,6,-0.90215,0.046598,-0.04055,0.004455,2
REF_1612-28,closepack36,920.5,0.9,45.0,-45.0,bpcal,7,-0.6073,0.127986,-0.50385,0.003889,2
REF_1612-28,closepack36,920.5,0.9,45.0,-45.0,bpcal,8,-0.61045,0.169493,0.02375,0.008839,2
REF_1612-28,closepack36,920.5,0.9,45.0,-45.0,bpcal,9,-1.04025,0.062579,0.42015,0.001202,2
REF_1612-28,closepack36,920.5,0.9,45.0,-45.0,bpcal,10,-0.7295,0.163483,0.5759,0.002687,2
REF_1612-28,closepack36,920.5,0.9,45.0,-45.0,bpcal,11,-0.4855,0.052326,0.40465,0.005162,2
REF_1612-28,closepack36,920.5,0.9,45.0,-45.0,bpcal,12,-0.5868,0.047093,-0.1031,0.006505,2
REF_1612-28,closepack36,920.5,0.9,45.0,-45.0,bpcal,13,-0.31705,0.086338,-0.07515,0.005303,2
REF_1612-28,closepack36,920.5,0.9,45.0,-45.0,bpcal,14,-0.8417,0.055296,0.06975,0.004738,2
REF_1612-28,closepack36,920.5,0.9,45.0,-45.0,bpcal,15,-2.4031,0.010324,0.0464,0.004525,2
REF_1612-28,closepack36,920.5,0.9,45.0,-45.0,bpcal,16,-0.65285,0.046174,0.28585,0.003748,2
REF_1612-28,closepack36,920.5,0.9,45.0,-45.0,bpcal,17,1.01445,0.078277,0.00715,0.014354,2
REF_1612-28,closepack36,920.5,0.9,45.0,-45.0,bpcal,18,1.1451,0.054023,0.1413,0.004243,2
REF_1612-28,closepack36,920.5,0.9,45.0,-45.0,bpcal,19,0.8317,0.066327,0.21975,0.002192,2
REF_1612-28,closepack36,920.5,0.9,45.0,-45.0,bpcal,20,-0.41505,0.06371,-0.11215,0.005869,2
REF_1612-28,closepack36,920.5,0.9,45.0,-45.0,bpcal,21,-0.13935,0.122966,0.076,0.003253,2
REF_1612-28,closepack36,920.5,0.9,45.0,-45.0,bpcal,22,0.3409,0.031113,-0.2227,0.008061,2
REF_1612-28,closepack36,920.5,0.9,45.0,-45.0,bpcal,23,1.26085,0.04674,0.06405,0.002899,2
REF_1612-28,closepack36,920.5,0.9,45.0,-45.0,bpcal,24,0.15,0.105642,0.0601,0.014425,2
REF_1612-28,closepack36,920.5,0.9,45.0,-45.0,bpcal,25,-0.38935,0.068519,0.4717,0.000849,2
REF_1612-28,closepack36,920.5,0.9,45.0,-45.0,bpcal,26,-0.8367,0.135623,0.1772,0.004384,2
REF_1612-28,closepack36,920.5,0.9,45.0,-45.0,bpcal,27,0.20605,0.094964,-0.1419,0.013718,2
REF_1612-28,closepack36,920.5,0.9,45.0,-45.0,bpcal,28,-0.4046,0.042709,-0.89115,0.004313,2
REF_1612-28,closepack36,920.5,0.9,45.0,-45.0,bpcal,29,0.8155,0.086691,-0.0222,0.002687,2
REF_1612-28,closepack36,920.5,0.9,45.0,-45.0,bpcal,30,0.9303,0.023193,0.12345,0.001768,2
REF_1612-28,closepack36,920.5,0.9,45.0,-45.0,bpcal,31,-0.305,0.05275,-0.13755,0.007849,2
REF_1612-28,closepack36,920.5,0.9,45.0,-45.0,bpcal,32,-0.3894,0.003536,-0.16085,0.006152,2
REF_1612-28,closepack36,920.5,0.9,45.0,-45.0,bpcal,33,-2.22735,0.058478,-0.3012,0.005515,2
REF_1612-28,closepack36,920.5,0.9,45.0,-45.0,bpcal,34,-2.6275,0.005091,0.3298,0.024749,2
REF_1612-28,closepack36,920.5,0.9,45.0,-45.0,bpcal,35,0.75955,0.104723,-0.25285,0.018314,2
REF_1612-28,closepack36,920.5,0.9,45.0,-45.0,lcal,0,0.1093,0.043699,-0.10785,0.001768,2
REF_1612-28,closepack36,920.5,0.9,45.0,-45.0,lcal,1,0.2191,0.041154,0.0141,0.000849,2
REF_1612-28,closepack36,920.5,0.9,45.0,-45.0,lcal,2,-0.56605,0.023405,0.0345,0.00495,2
REF_1612-28,closepack36,920.5,0.9,45.0,-45.0,lcal,3,0.0351,0.037052,-0.01195,0.003182,2
REF_1612-28,closepack36,920.5,0.9,45.0,-45.0,lcal,4,-0.3397,0.114268,0.03115,0.004879,2
REF_1612-28,closepack36,920.5,0.9,45.0,-45.0,lcal,5,-0.81335,0.004596,0.0511,0.000141,2
REF_1612-28,closepack36,920.5,0.9,45.0,-45.0,lcal,6,-0.9097,0.067034,-0.01825,0.001626,2
REF_1612-28,closepack36,920.5,0.9,45.0,-45.0,lcal,7,-0.5836,0.152452,-0.0077,0.000283,2
REF_1612-28,closepack36,920.5,0.9,45.0,-45.0,lcal,8,-0.60075,0.151533,-0.03685,0.000354,2
REF_1612-28,closepack36,920.5,0.9,45.0,-45.0,lcal,9,-1.0315,0.05374,-0.00725,0.008697,2
REF_1612-28,closepack36,920.5,0.9,45.0,-45.0,lcal,10,-0.72315,0.149412,0.0094,0.004808,2
REF_1612-28,closepack36,920.5,0.9,45.0,-45.0,lcal,11,-0.4284,0.0338,0.03915,0.001061,2
REF_1612-28,closepack36,920.5,0.9,45.0,-45.0,lcal,12,-0.5677,0.029698,-0.0819,0.002121,2
REF_1612-28,closepack36,920.5,0.9,45.0,-45.0,lcal,13,-0.2968,0.107904,-0.02625,0.000778,2
REF_1612-28,closepack36,920.5,0.9,45.0,-45.0,lcal,14,-0.8277,0.050205,-0.0236,0.004525,2
REF_1612-28,closepack36,920.5,0.9,45.0,-45.0,lcal,15,-2.3872,0.022345,0.02345,0.001485,2
REF_1612-28,closepack36,920.5,0.9,45.0,-45.0,lcal,16,-0.64985,0.04179,0.02845,0.001485,2
REF_1612-28,closepack36,920.5,0.9,45.0,-45.0,lcal,17,1.02245,0.087611,0.0554,0.001131,2
REF_1612-28,closepack36,920.5,0.9,45.0,-45.0,lcal,18,1.14445,0.044477,-0.042,0.000424,2
REF_1612-28,closepack36,920.5,0.9,45.0,-45.0,lcal,19,0.84065,0.070923,-0.0255,0.001697,2
REF_1612-28,closepack36,920.5,0.9,45.0,-45.0,lcal,20,-0.417,0.051902,-0.00045,0.001202,2
REF_1612-28,closepack36,920.5,0.9,45.0,-45.0,lcal,21,-0.13885,0.119006,0.06365,0.002758,2
REF_1612-28,closepack36,920.5,0.9,45.0,-45.0,lcal,22,0.34515,0.03387,0.07815,0.002758,2
REF_1612-28,closepack36,920.5,0.9,45.0,-45.0,lcal,23,1.26065,0.03486,0.05675,7.1e-05,2
REF_1612-28,closepack36,920.5,0.9,45.0,-45.0,lcal,24,0.1369,0.075378,-0.02555,0.004172,2
REF_1612-28,closepack36,920.5,0.9,45.0,-45.0,lcal,25,-0.40105,0.077287,-0.0179,0.004101,2
REF_1612-28,closepack36,920.5,0.9,45.0,-45.0,lcal,26,-0.8383,0.129825,0.00125,0.001485,2
REF_1612-28,closepack36,920.5,0.9,45.0,-45.0,lcal,27,0.20385,0.091712,0.04145,0.002616,2
REF_1612-28,closepack36,920.5,0.9,45.0,-45.0,lcal,28,-0.4206,0.028284,0.00975,0.002899,2
REF_1612-28,closepack36,920.5,0.9,45.0,-45.0,lcal,29,0.8047,0.094187,0.01815,0.000778,2
REF_1612-28,closepack36,920.5,0.9,45.0,-45.0,lcal,30,0.9226,0.016688,-0.033,0.004525,2
REF_1612-28,closepack36,920.5,0.9,45.0,-45.0,lcal,31,-0.3023,0.048083,0.0189,0.003394,2
REF_1612-28,closepack36,920.5,0.9,45.0,-45.0,lcal,32,-0.4104,0.001556,0.017,0.006081,2
REF_1612-28,closepack36,920.5,0.9,45.0,-45.0,lcal,33,-2.2115,0.06562,0.0477,0.002546,2
REF_1612-28,closepack36,920.5,0.9,45.0,-45.0,lcal,34,-2.62905,0.016334,0.0647,0.003818,2
REF_1612-28,closepack36,920.5,0.9,45.0,-45.0,lcal,35,0.7533,0.106773,1.09075,0.022274,2
