field,ref_ws,footprint,centre_freq_mhz,footprint_pitch_deg,footprint_rota_deg,pol_axis_deg,variant,beam,mean_dQ,std_dQ,mean_dU,std_dU,n_obs
REF_0236-28,5778,closepack36,920.5,0.9,45.0,-45.0,bpcal,0,0.3318,0.0,-1.8499,0.0,1
REF_0236-28,5778,closepack36,920.5,0.9,45.0,-45.0,bpcal,1,0.712,0.0,0.3577,0.0,1
REF_0236-28,5778,closepack36,920.5,0.9,45.0,-45.0,bpcal,2,-0.9751,0.0,-0.0998,0.0,1
REF_0236-28,5778,closepack36,920.5,0.9,45.0,-45.0,bpcal,3,-0.2804,0.0,0.4045,0.0,1
REF_0236-28,5778,closepack36,920.5,0.9,45.0,-45.0,bpcal,4,0.6996,0.0,0.5939,0.0,1
REF_0236-28,5778,closepack36,920.5,0.9,45.0,-45.0,bpcal,5,0.1301,0.0,0.6781,0.0,1
REF_0236-28,5778,closepack36,920.5,0.9,45.0,-45.0,bpcal,6,-0.0499,0.0,0.1518,0.0,1
REF_0236-28,5778,closepack36,920.5,0.9,45.0,-45.0,bpcal,7,0.2377,0.0,-0.4959,0.0,1
REF_0236-28,5778,closepack36,920.5,0.9,45.0,-45.0,bpcal,8,0.0284,0.0,0.1273,0.0,1
REF_0236-28,5778,closepack36,920.5,0.9,45.0,-45.0,bpcal,9,-0.0105,0.0,0.551,0.0,1
REF_0236-28,5778,closepack36,920.5,0.9,45.0,-45.0,bpcal,10,0.2012,0.0,0.8207,0.0,1
REF_0236-28,5778,closepack36,920.5,0.9,45.0,-45.0,bpcal,11,-0.4196,0.0,0.427,0.0,1
REF_0236-28,5778,closepack36,920.5,0.9,45.0,-45.0,bpcal,12,-0.2526,0.0,-0.003,0.0,1
REF_0236-28,5778,closepack36,920.5,0.9,45.0,-45.0,bpcal,13,-0.1522,0.0,-0.0369,0.0,1
REF_0236-28,5778,closepack36,920.5,0.9,45.0,-45.0,bpcal,14,0.203,0.0,0.2367,0.0,1
REF_0236-28,5778,closepack36,920.5,0.9,45.0,-45.0,bpcal,15,-0.0807,0.0,0.1427,0.0,1
REF_0236-28,5778,closepack36,920.5,0.9,45.0,-45.0,bpcal,16,0.7317,0.0,0.2549,0.0,1
REF_0236-28,5778,closepack36,920.5,0.9,45.0,-45.0,bpcal,17,0.7466,0.0,0.2063,0.0,1
REF_0236-28,5778,closepack36,920.5,0.9,45.0,-45.0,bpcal,18,-2.0863,0.0,0.0518,0.0,1
REF_0236-28,5778,closepack36,920.5,0.9,45.0,-45.0,bpcal,19,-1.4569,0.0,0.3319,0.0,1
REF_0236-28,5778,closepack36,920.5,0.9,45.0,-45.0,bpcal,20,-0.6323,0.0,-0.0181,0.0,1
REF_0236-28,5778,closepack36,920.5,0.9,45.0,-45.0,bpcal,21,0.4759,0.0,0.0387,0.0,1
REF_0236-28,5778,closepack36,920.5,0.9,45.0,-45.0,bpcal,22,0.6274,0.0,-0.2753,0.0,1
REF_0236-28,5778,closepack36,920.5,0.9,45.0,-45.0,bpcal,23,0.6899,0.0,0.0121,0.0,1
REF_0236-28,5778,closepack36,920.5,0.9,45.0,-45.0,bpcal,24,0.7624,0.0,0.1807,0.0,1
REF_0236-28,5778,closepack36,920.5,0.9,45.0,-45.0,bpcal,25,-1.4184,0.0,0.4813,0.0,1
REF_0236-28,5778,closepack36,920.5,0.9,45.0,-45.0,bpcal,26,-1.4697,0.0,0.3441,0.0,1
REF_0236-28,5778,closepack36,920.5,0.9,45.0,-45.0,bpcal,27,0.2631,0.0,-0.1228,0.0,1
REF_0236-28,5778,closepack36,920.5,0.9,45.0,-45.0,bpcal,28,-0.0605,0.0,-0.6016,0.0,1
REF_0236-28,5778,closepack36,920.5,0.9,45.0,-45.0,bpcal,29,0.4195,0.0,0.0984,0.0,1
REF_0236-28,5778,closepack36,920.5,0.9,45.0,-45.0,bpcal,30,-0.4865,0.0,0.2345,0.0,1
REF_0236-28,5778,closepack36,920.5,0.9,45.0,-45.0,bpcal,31,-0.2671,0.0,0.0493,0.0,1
REF_0236-28,5778,closepack36,920.5,0.9,45.0,-45.0,bpcal,32,0.583,0.0,0.0128,0.0,1
REF_0236-28,5778,closepack36,920.5,0.9,45.0,-45.0,bpcal,33,0.4926,0.0,-0.1755,0.0,1
REF_0236-28,5778,closepack36,920.5,0.9,45.0,-45.0,bpcal,34,0.4664,0.0,0.3309,0.0,1
REF_0236-28,5778,closepack36,920.5,0.9,45.0,-45.0,bpcal,35,0.4546,0.0,-0.918,0.0,1
REF_0236-28,5778,closepack36,920.5,0.9,45.0,-45.0,lcal,0,0.3217,0.0,-0.0072,0.0,1
REF_0236-28,5778,closepack36,920.5,0.9,45.0,-45.0,lcal,1,0.7033,0.0,0.0047,0.0,1
REF_0236-28,5778,closepack36,920.5,0.9,45.0,-45.0,lcal,2,-0.9757,0.0,0.0019,0.0,1
REF_0236-28,5778,closepack36,920.5,0.9,45.0,-45.0,lcal,3,-0.2796,0.0,0.0003,0.0,1
REF_0236-28,5778,closepack36,920.5,0.9,45.0,-45.0,lcal,4,0.6954,0.0,-0.003,0.0,1
REF_0236-28,5778,closepack36,920.5,0.9,45.0,-45.0,lcal,5,0.1289,0.0,-0.0019,0.0,1
REF_0236-28,5778,closepack36,920.5,0.9,45.0,-45.0,lcal,6,-0.054,0.0,-0.0079,0.0,1
REF_0236-28,5778,closepack36,920.5,0.9,45.0,-45.0,lcal,7,0.2368,0.0,-0.0021,0.0,1
REF_0236-28,5778,closepack36,920.5,0.9,45.0,-45.0,lcal,8,0.0266,0.0,-0.0015,0.0,1
REF_0236-28,5778,closepack36,920.5,0.9,45.0,-45.0,lcal,9,-0.0103,0.0,-0.0049,0.0,1
REF_0236-28,5778,closepack36,920.5,0.9,45.0,-45.0,lcal,10,0.2003,0.0,-0.0006,0.0,1
REF_0236-28,5778,closepack36,920.5,0.9,45.0,-45.0,lcal,11,-0.4152,0.0,0.0042,0.0,1
REF_0236-28,5778,closepack36,920.5,0.9,45.0,-45.0,lcal,12,-0.252,0.0,0.0011,0.0,1
REF_0236-28,5778,closepack36,920.5,0.9,45.0,-45.0,lcal,13,-0.1492,0.0,-0.002,0.0,1
REF_0236-28,5778,closepack36,920.5,0.9,45.0,-45.0,lcal,14,0.21,0.0,-0.0001,0.0,1
REF_0236-28,5778,closepack36,920.5,0.9,45.0,-45.0,lcal,15,-0.0743,0.0,0.0068,0.0,1
REF_0236-28,5778,closepack36,920.5,0.9,45.0,-45.0,lcal,16,0.7346,0.0,0.0008,0.0,1
REF_0236-28,5778,closepack36,920.5,0.9,45.0,-45.0,lcal,17,0.7533,0.0,-0.0032,0.0,1
REF_0236-28,5778,closepack36,920.5,0.9,45.0,-45.0,lcal,18,-2.0942,0.0,-0.0035,0.0,1
REF_0236-28,5778,closepack36,920.5,0.9,45.0,-45.0,lcal,19,-1.4501,0.0,-0.0033,0.0,1
REF_0236-28,5778,closepack36,920.5,0.9,45.0,-45.0,lcal,20,-0.6289,0.0,-0.005,0.0,1
REF_0236-28,5778,closepack36,920.5,0.9,45.0,-45.0,lcal,21,0.4824,0.0,-0.0008,0.0,1
REF_0236-28,5778,closepack36,920.5,0.9,45.0,-45.0,lcal,22,0.6288,0.0,-0.0045,0.0,1
REF_0236-28,5778,closepack36,920.5,0.9,45.0,-45.0,lcal,23,0.699,0.0,-0.0046,0.0,1
REF_0236-28,5778,closepack36,920.5,0.9,45.0,-45.0,lcal,24,0.7552,0.0,-0.0013,0.0,1
REF_0236-28,5778,closepack36,920.5,0.9,45.0,-45.0,lcal,25,-1.4191,0.0,-0.0038,0.0,1
REF_0236-28,5778,closepack36,920.5,0.9,45.0,-45.0,lcal,26,-1.4635,0.0,-0.0027,0.0,1
REF_0236-28,5778,closepack36,920.5,0.9,45.0,-45.0,lcal,27,0.2626,0.0,-0.0055,0.0,1
REF_0236-28,5778,closepack36,920.5,0.9,45.0,-45.0,lcal,28,-0.0646,0.0,-0.0062,0.0,1
REF_0236-28,5778,closepack36,920.5,0.9,45.0,-45.0,lcal,29,0.4157,0.0,-0.0085,0.0,1
REF_0236-28,5778,closepack36,920.5,0.9,45.0,-45.0,lcal,30,-0.4881,0.0,-0.0047,0.0,1
REF_0236-28,5778,closepack36,920.5,0.9,45.0,-45.0,lcal,31,-0.2693,0.0,-0.0024,0.0,1
REF_0236-28,5778,closepack36,920.5,0.9,45.0,-45.0,lcal,32,0.5762,0.0,-0.0044,0.0,1
REF_0236-28,5778,closepack36,920.5,0.9,45.0,-45.0,lcal,33,0.487,0.0,-0.0078,0.0,1
REF_0236-28,5778,closepack36,920.5,0.9,45.0,-45.0,lcal,34,0.4622,0.0,-0.0072,0.0,1
REF_0236-28,5778,closepack36,920.5,0.9,45.0,-45.0,lcal,35,0.4565,0.0,-0.0071,0.0,1
REF_0324-28,5778,closepack36,920.5,0.9,45.0,-45.0,bpcal,0,0.5105,0.0,-1.8576,0.0,1
REF_0324-28,5778,closepack36,920.5,0.9,45.0,-45.0,bpcal,1,-0.4402,0.0,0.3627,0.0,1
REF_0324-28,5778,closepack36,920.5,0.9,45.0,-45.0,bpcal,2,0.112,0.0,-0.1036,0.0,1
REF_0324-28,5778,closepack36,920.5,0.9,45.0,-45.0,bpcal,3,-0.3749,0.0,0.3921,0.0,1
REF_0324-28,5778,closepack36,920.5,0.9,45.0,-45.0,bpcal,4,0.1316,0.0,0.5906,0.0,1
REF_0324-28,5778,closepack36,920.5,0.9,45.0,-45.0,bpcal,5,0.9226,0.0,0.6819,0.0,1
REF_0324-28,5778,closepack36,920.5,0.9,45.0,-45.0,bpcal,6,0.1481,0.0,0.1238,0.0,1
REF_0324-28,5778,closepack36,920.5,0.9,45.0,-45.0,bpcal,7,-0.1917,0.0,-0.502,0.0,1
REF_0324-28,5778,closepack36,920.5,0.9,45.0,-45.0,bpcal,8,-0.229,0.0,0.1253,0.0,1
REF_0324-28,5778,closepack36,920.5,0.9,45.0,-45.0,bpcal,9,-0.9088,0.0,0.5488,0.0,1
REF_0324-28,5778,closepack36,920.5,0.9,45.0,-45.0,bpcal,10,-0.9809,0.0,0.8321,0.0,1
REF_0324-28,5778,closepack36,920.5,0.9,45.0,-45.0,bpcal,11,0.1189,0.0,0.4207,0.0,1
REF_0324-28,5778,closepack36,920.5,0.9,45.0,-45.0,bpcal,12,1.466,0.0,-0.0294,0.0,1
REF_0324-28,5778,closepack36,920.5,0.9,45.0,-45.0,bpcal,13,2.0773,0.0,-0.0407,0.0,1
REF_0324-28,5778,closepack36,920.5,0.9,45.0,-45.0,bpcal,14,1.0707,0.0,0.2358,0.0,1
REF_0324-28,5778,closepack36,920.5,0.9,45.0,-45.0,bpcal,15,-1.0973,0.0,0.142,0.0,1
REF_0324-28,5778,closepack36,920.5,0.9,45.0,-45.0,bpcal,16,-1.0122,0.0,0.2496,0.0,1
REF_0324-28,5778,closepack36,920.5,0.9,45.0,-45.0,bpcal,17,-1.5475,0.0,0.2134,0.0,1
REF_0324-28,5778,closepack36,920.5,0.9,45.0,-45.0,bpcal,18,0.9422,0.0,0.0405,0.0,1
REF_0324-28,5778,closepack36,920.5,0.9,45.0,-45.0,bpcal,19,1.6532,0.0,0.3284,0.0,1
REF_0324-28,5778,closepack36,920.5,0.9,45.0,-45.0,bpcal,20,0.7252,0.0,-0.0165,0.0,1
REF_0324-28,5778,closepack36,920.5,0.9,45.0,-45.0,bpcal,21,0.2484,0.0,0.0365,0.0,1
REF_0324-28,5778,closepack36,920.5,0.9,45.0,-45.0,bpcal,22,0.0044,0.0,-0.2793,0.0,1
REF_0324-28,5778,closepack36,920.5,0.9,45.0,-45.0,bpcal,23,0.0109,0.0,-0.0098,0.0,1
REF_0324-28,5778,closepack36,920.5,0.9,45.0,-45.0,bpcal,24,-0.2803,0.0,0.1731,0.0,1
REF_0324-28,5778,closepack36,920.5,0.9,45.0,-45.0,bpcal,25,0.1157,0.0,0.4828,0.0,1
REF_0324-28,5778,closepack36,920.5,0.9,45.0,-45.0,bpcal,26,0.9227,0.0,0.3561,0.0,1
REF_0324-28,5778,closepack36,920.5,0.9,45.0,-45.0,bpcal,27,0.6842,0.0,-0.1246,0.0,1
REF_0324-28,5778,closepack36,920.5,0.9,45.0,-45.0,bpcal,28,0.0776,0.0,-0.6054,0.0,1
REF_0324-28,5778,closepack36,920.5,0.9,45.0,-45.0,bpcal,29,-0.0864,0.0,0.0876,0.0,1
REF_0324-28,5778,closepack36,920.5,0.9,45.0,-45.0,bpcal,30,-0.1989,0.0,0.2339,0.0,1
REF_0324-28,5778,closepack36,920.5,0.9,45.0,-45.0,bpcal,31,0.2597,0.0,0.0677,0.0,1
REF_0324-28,5778,closepack36,920.5,0.9,45.0,-45.0,bpcal,32,0.2578,0.0,0.0354,0.0,1
REF_0324-28,5778,closepack36,920.5,0.9,45.0,-45.0,bpcal,33,-0.1144,0.0,-0.1704,0.0,1
REF_0324-28,5778,closepack36,920.5,0.9,45.0,-45.0,bpcal,34,-0.334,0.0,0.3453,0.0,1
REF_0324-28,5778,closepack36,920.5,0.9,45.0,-45.0,bpcal,35,-0.1952,0.0,-0.9307,0.0,1
REF_0324-28,5778,closepack36,920.5,0.9,45.0,-45.0,lcal,0,0.4896,0.0,-0.0046,0.0,1
REF_0324-28,5778,closepack36,920.5,0.9,45.0,-45.0,lcal,1,-0.4495,0.0,-0.0008,0.0,1
REF_0324-28,5778,closepack36,920.5,0.9,45.0,-45.0,lcal,2,0.0993,0.0,-0.0005,0.0,1
REF_0324-28,5778,closepack36,920.5,0.9,45.0,-45.0,lcal,3,-0.3907,0.0,-0.0057,0.0,1
REF_0324-28,5778,closepack36,920.5,0.9,45.0,-45.0,lcal,4,0.1176,0.0,0.0072,0.0,1
REF_0324-28,5778,closepack36,920.5,0.9,45.0,-45.0,lcal,5,0.8978,0.0,0.0006,0.0,1
REF_0324-28,5778,closepack36,920.5,0.9,45.0,-45.0,lcal,6,0.1377,0.0,-0.0008,0.0,1
REF_0324-28,5778,closepack36,920.5,0.9,45.0,-45.0,lcal,7,-0.2268,0.0,-0.0054,0.0,1
REF_0324-28,5778,closepack36,920.5,0.9,45.0,-45.0,lcal,8,-0.2526,0.0,-0.0029,0.0,1
REF_0324-28,5778,closepack36,920.5,0.9,45.0,-45.0,lcal,9,-0.9315,0.0,-0.0045,0.0,1
REF_0324-28,5778,closepack36,920.5,0.9,45.0,-45.0,lcal,10,-0.9995,0.0,-0.0048,0.0,1
REF_0324-28,5778,closepack36,920.5,0.9,45.0,-45.0,lcal,11,0.1063,0.0,-0.0039,0.0,1
REF_0324-28,5778,closepack36,920.5,0.9,45.0,-45.0,lcal,12,1.4517,0.0,-0.0061,0.0,1
REF_0324-28,5778,closepack36,920.5,0.9,45.0,-45.0,lcal,13,2.0643,0.0,-0.0048,0.0,1
REF_0324-28,5778,closepack36,920.5,0.9,45.0,-45.0,lcal,14,1.058,0.0,-0.0006,0.0,1
REF_0324-28,5778,closepack36,920.5,0.9,45.0,-45.0,lcal,15,-1.1086,0.0,0.0011,0.0,1
REF_0324-28,5778,closepack36,920.5,0.9,45.0,-45.0,lcal,16,-1.0382,0.0,-0.0022,0.0,1
REF_0324-28,5778,closepack36,920.5,0.9,45.0,-45.0,lcal,17,-1.564,0.0,-0.0035,0.0,1
REF_0324-28,5778,closepack36,920.5,0.9,45.0,-45.0,lcal,18,0.9333,0.0,-0.0063,0.0,1
REF_0324-28,5778,closepack36,920.5,0.9,45.0,-45.0,lcal,19,1.648,0.0,-0.0029,0.0,1
REF_0324-28,5778,closepack36,920.5,0.9,45.0,-45.0,lcal,20,0.7085,0.0,-0.0084,0.0,1
REF_0324-28,5778,closepack36,920.5,0.9,45.0,-45.0,lcal,21,0.2315,0.0,0.0046,0.0,1
REF_0324-28,5778,closepack36,920.5,0.9,45.0,-45.0,lcal,22,-0.0099,0.0,-0.0005,0.0,1
REF_0324-28,5778,closepack36,920.5,0.9,45.0,-45.0,lcal,23,0.0079,0.0,-0.0079,0.0,1
REF_0324-28,5778,closepack36,920.5,0.9,45.0,-45.0,lcal,24,-0.2905,0.0,-0.0059,0.0,1
REF_0324-28,5778,closepack36,920.5,0.9,45.0,-45.0,lcal,25,0.1009,0.0,-0.0034,0.0,1
REF_0324-28,5778,closepack36,920.5,0.9,45.0,-45.0,lcal,26,0.9062,0.0,-0.0062,0.0,1
REF_0324-28,5778,closepack36,920.5,0.9,45.0,-45.0,lcal,27,0.6661,0.0,-0.0069,0.0,1
REF_0324-28,5778,closepack36,920.5,0.9,45.0,-45.0,lcal,28,0.0672,0.0,-0.0061,0.0,1
REF_0324-28,5778,closepack36,920.5,0.9,45.0,-45.0,lcal,29,-0.1033,0.0,-0.0084,0.0,1
REF_0324-28,5778,closepack36,920.5,0.9,45.0,-45.0,lcal,30,-0.2007,0.0,0.0001,0.0,1
REF_0324-28,5778,closepack36,920.5,0.9,45.0,-45.0,lcal,31,0.2432,0.0,-0.0041,0.0,1
REF_0324-28,5778,closepack36,920.5,0.9,45.0,-45.0,lcal,32,0.2476,0.0,-0.0056,0.0,1
REF_0324-28,5778,closepack36,920.5,0.9,45.0,-45.0,lcal,33,-0.1294,0.0,-0.0048,0.0,1
REF_0324-28,5778,closepack36,920.5,0.9,45.0,-45.0,lcal,34,-0.3438,0.0,-0.0062,0.0,1
REF_0324-28,5778,closepack36,920.5,0.9,45.0,-45.0,lcal,35,-0.219,0.0,-0.0164,0.0,1
REF_0524-28,5778,closepack36,920.5,0.9,45.0,-45.0,bpcal,0,1.0898,0.0,-1.8184,0.0,1
REF_0524-28,5778,closepack36,920.5,0.9,45.0,-45.0,bpcal,1,0.6906,0.0,0.3664,0.0,1
REF_0524-28,5778,closepack36,920.5,0.9,45.0,-45.0,bpcal,2,0.0843,0.0,-0.0792,0.0,1
REF_0524-28,5778,closepack36,920.5,0.9,45.0,-45.0,bpcal,3,-0.4082,0.0,0.4161,0.0,1
REF_0524-28,5778,closepack36,920.5,0.9,45.0,-45.0,bpcal,4,-0.464,0.0,0.6067,0.0,1
REF_0524-28,5778,closepack36,920.5,0.9,45.0,-45.0,bpcal,5,-1.0227,0.0,0.6753,0.0,1
REF_0524-28,5778,closepack36,920.5,0.9,45.0,-45.0,bpcal,6,0.4445,0.0,0.1349,0.0,1
REF_0524-28,5778,closepack36,920.5,0.9,45.0,-45.0,bpcal,7,-0.2193,0.0,-0.4794,0.0,1
REF_0524-28,5778,closepack36,920.5,0.9,45.0,-45.0,bpcal,8,-0.1771,0.0,0.147,0.0,1
REF_0524-28,5778,closepack36,920.5,0.9,45.0,-45.0,bpcal,9,0.231,0.0,0.5545,0.0,1
REF_0524-28,5778,closepack36,920.5,0.9,45.0,-45.0,bpcal,10,0.4696,0.0,0.8209,0.0,1
REF_0524-28,5778,closepack36,920.5,0.9,45.0,-45.0,bpcal,11,0.9699,0.0,0.4091,0.0,1
REF_0524-28,5778,closepack36,920.5,0.9,45.0,-45.0,bpcal,12,-0.6117,0.0,-0.0123,0.0,1
REF_0524-28,5778,closepack36,920.5,0.9,45.0,-45.0,bpcal,13,0.1821,0.0,-0.0352,0.0,1
REF_0524-28,5778,closepack36,920.5,0.9,45.0,-45.0,bpcal,14,-0.1385,0.0,0.2284,0.0,1
REF_0524-28,5778,closepack36,920.5,0.9,45.0,-45.0,bpcal,15,-0.3866,0.0,0.1452,0.0,1
REF_0524-28,5778,closepack36,920.5,0.9,45.0,-45.0,bpcal,16,-0.0403,0.0,0.2482,0.0,1
REF_0524-28,5778,closepack36,920.5,0.9,45.0,-45.0,bpcal,17,0.2389,0.0,0.2184,0.0,1
REF_0524-28,5778,closepack36,920.5,0.9,45.0,-45.0,bpcal,18,0.5217,0.0,0.078,0.0,1
REF_0524-28,5778,closepack36,920.5,0.9,45.0,-45.0,bpcal,19,0.4347,0.0,0.3344,0.0,1
REF_0524-28,5778,closepack36,920.5,0.9,45.0,-45.0,bpcal,20,0.2221,0.0,-0.0073,0.0,1
REF_0524-28,5778,closepack36,920.5,0.9,45.0,-45.0,bpcal,21,0.1592,0.0,0.0449,0.0,1
REF_0524-28,5778,closepack36,920.5,0.9,45.0,-45.0,bpcal,22,-0.1361,0.0,-0.2701,0.0,1
REF_0524-28,5778,closepack36,920.5,0.9,45.0,-45.0,bpcal,23,-0.2421,0.0,0.0275,0.0,1
REF_0524-28,5778,closepack36,920.5,0.9,45.0,-45.0,bpcal,24,-0.0737,0.0,0.1897,0.0,1
REF_0524-28,5778,closepack36,920.5,0.9,45.0,-45.0,bpcal,25,0.6158,0.0,0.4986,0.0,1
REF_0524-28,5778,closepack36,920.5,0.9,45.0,-45.0,bpcal,26,0.5054,0.0,0.3361,0.0,1
REF_0524-28,5778,closepack36,920.5,0.9,45.0,-45.0,bpcal,27,0.4098,0.0,-0.1297,0.0,1
REF_0524-28,5778,closepack36,920.5,0.9,45.0,-45.0,bpcal,28,-0.0994,0.0,-0.6247,0.0,1
REF_0524-28,5778,closepack36,920.5,0.9,45.0,-45.0,bpcal,29,-0.453,0.0,0.0972,0.0,1
REF_0524-28,5778,closepack36,920.5,0.9,45.0,-45.0,bpcal,30,0.9795,0.0,0.268,0.0,1
REF_0524-28,5778,closepack36,920.5,0.9,45.0,-45.0,bpcal,31,0.1712,0.0,0.059,0.0,1
REF_0524-28,5778,closepack36,920.5,0.9,45.0,-45.0,bpcal,32,0.0966,0.0,0.0286,0.0,1
REF_0524-28,5778,closepack36,920.5,0.9,45.0,-45.0,bpcal,33,-0.0029,0.0,-0.1772,0.0,1
REF_0524-28,5778,closepack36,920.5,0.9,45.0,-45.0,bpcal,34,-0.2731,0.0,0.3564,0.0,1
REF_0524-28,5778,closepack36,920.5,0.9,45.0,-45.0,bpcal,35,0.0148,0.0,-0.9173,0.0,1
REF_0524-28,5778,closepack36,920.5,0.9,45.0,-45.0,lcal,0,1.0748,0.0,-0.0028,0.0,1
REF_0524-28,5778,closepack36,920.5,0.9,45.0,-45.0,lcal,1,0.6896,0.0,-0.0025,0.0,1
REF_0524-28,5778,closepack36,920.5,0.9,45.0,-45.0,lcal,2,0.0779,0.0,-0.0002,0.0,1
REF_0524-28,5778,closepack36,920.5,0.9,45.0,-45.0,lcal,3,-0.4157,0.0,-0.0021,0.0,1
REF_0524-28,5778,closepack36,920.5,0.9,45.0,-45.0,lcal,4,-0.4685,0.0,-0.0059,0.0,1
REF_0524-28,5778,closepack36,920.5,0.9,45.0,-45.0,lcal,5,-1.0296,0.0,-0.0043,0.0,1
REF_0524-28,5778,closepack36,920.5,0.9,45.0,-45.0,lcal,6,0.4419,0.0,-0.0053,0.0,1
REF_0524-28,5778,closepack36,920.5,0.9,45.0,-45.0,lcal,7,-0.2235,0.0,-0.0017,0.0,1
REF_0524-28,5778,closepack36,920.5,0.9,45.0,-45.0,lcal,8,-0.183,0.0,-0.0031,0.0,1
REF_0524-28,5778,closepack36,920.5,0.9,45.0,-45.0,lcal,9,0.2284,0.0,-0.0043,0.0,1
REF_0524-28,5778,closepack36,920.5,0.9,45.0,-45.0,lcal,10,0.46,0.0,-0.0061,0.0,1
REF_0524-28,5778,closepack36,920.5,0.9,45.0,-45.0,lcal,11,0.9693,0.0,-0.0089,0.0,1
REF_0524-28,5778,closepack36,920.5,0.9,45.0,-45.0,lcal,12,-0.6188,0.0,-0.0037,0.0,1
REF_0524-28,5778,closepack36,920.5,0.9,45.0,-45.0,lcal,13,0.1734,0.0,-0.0066,0.0,1
REF_0524-28,5778,closepack36,920.5,0.9,45.0,-45.0,lcal,14,-0.1434,0.0,-0.0025,0.0,1
REF_0524-28,5778,closepack36,920.5,0.9,45.0,-45.0,lcal,15,-0.3908,0.0,0.0022,0.0,1
REF_0524-28,5778,closepack36,920.5,0.9,45.0,-45.0,lcal,16,-0.0475,0.0,-0.0054,0.0,1
REF_0524-28,5778,closepack36,920.5,0.9,45.0,-45.0,lcal,17,0.2364,0.0,-0.0044,0.0,1
REF_0524-28,5778,closepack36,920.5,0.9,45.0,-45.0,lcal,18,0.5179,0.0,-0.006,0.0,1
REF_0524-28,5778,closepack36,920.5,0.9,45.0,-45.0,lcal,19,0.4267,0.0,-0.0046,0.0,1
REF_0524-28,5778,closepack36,920.5,0.9,45.0,-45.0,lcal,20,0.2148,0.0,-0.0047,0.0,1
REF_0524-28,5778,closepack36,920.5,0.9,45.0,-45.0,lcal,21,0.1513,0.0,-0.0037,0.0,1
REF_0524-28,5778,closepack36,920.5,0.9,45.0,-45.0,lcal,22,-0.1468,0.0,-0.0077,0.0,1
REF_0524-28,5778,closepack36,920.5,0.9,45.0,-45.0,lcal,23,-0.2541,0.0,-0.0056,0.0,1
REF_0524-28,5778,closepack36,920.5,0.9,45.0,-45.0,lcal,24,-0.0716,0.0,-0.0031,0.0,1
REF_0524-28,5778,closepack36,920.5,0.9,45.0,-45.0,lcal,25,0.6056,0.0,-0.0085,0.0,1
REF_0524-28,5778,closepack36,920.5,0.9,45.0,-45.0,lcal,26,0.5018,0.0,-0.0054,0.0,1
REF_0524-28,5778,closepack36,920.5,0.9,45.0,-45.0,lcal,27,0.4003,0.0,-0.0076,0.0,1
REF_0524-28,5778,closepack36,920.5,0.9,45.0,-45.0,lcal,28,-0.1151,0.0,-0.0109,0.0,1
REF_0524-28,5778,closepack36,920.5,0.9,45.0,-45.0,lcal,29,-0.4656,0.0,-0.0112,0.0,1
REF_0524-28,5778,closepack36,920.5,0.9,45.0,-45.0,lcal,30,0.9753,0.0,-0.0062,0.0,1
REF_0524-28,5778,closepack36,920.5,0.9,45.0,-45.0,lcal,31,0.1583,0.0,-0.0107,0.0,1
REF_0524-28,5778,closepack36,920.5,0.9,45.0,-45.0,lcal,32,0.088,0.0,-0.0068,0.0,1
REF_0524-28,5778,closepack36,920.5,0.9,45.0,-45.0,lcal,33,-0.0083,0.0,-0.0031,0.0,1
REF_0524-28,5778,closepack36,920.5,0.9,45.0,-45.0,lcal,34,-0.2809,0.0,-0.0073,0.0,1
REF_0524-28,5778,closepack36,920.5,0.9,45.0,-45.0,lcal,35,0.005,0.0,-0.0183,0.0,1
REF_0612-28,5778,closepack36,920.5,0.9,45.0,-45.0,bpcal,0,0.8558,0.0,-1.8287,0.0,1
REF_0612-28,5778,closepack36,920.5,0.9,45.0,-45.0,bpcal,1,-0.1232,0.0,0.3665,0.0,1
REF_0612-28,5778,closepack36,920.5,0.9,45.0,-45.0,bpcal,2,-0.5943,0.0,-0.0835,0.0,1
REF_0612-28,5778,closepack36,920.5,0.9,45.0,-45.0,bpcal,3,-0.3796,0.0,0.4213,0.0,1
REF_0612-28,5778,closepack36,920.5,0.9,45.0,-45.0,bpcal,4,0.176,0.0,0.591,0.0,1
REF_0612-28,5778,closepack36,920.5,0.9,45.0,-45.0,bpcal,5,0.0922,0.0,0.6782,0.0,1
REF_0612-28,5778,closepack36,920.5,0.9,45.0,-45.0,bpcal,6,-0.1801,0.0,0.1358,0.0,1
REF_0612-28,5778,closepack36,920.5,0.9,45.0,-45.0,bpcal,7,-0.189,0.0,-0.4782,0.0,1
REF_0612-28,5778,closepack36,920.5,0.9,45.0,-45.0,bpcal,8,-0.4158,0.0,0.1381,0.0,1
REF_0612-28,5778,closepack36,920.5,0.9,45.0,-45.0,bpcal,9,0.053,0.0,0.5559,0.0,1
REF_0612-28,5778,closepack36,920.5,0.9,45.0,-45.0,bpcal,10,-0.0991,0.0,0.8148,0.0,1
REF_0612-28,5778,closepack36,920.5,0.9,45.0,-45.0,bpcal,11,-0.0156,0.0,0.4168,0.0,1
REF_0612-28,5778,closepack36,920.5,0.9,45.0,-45.0,bpcal,12,-0.0654,0.0,-0.0086,0.0,1
REF_0612-28,5778,closepack36,920.5,0.9,45.0,-45.0,bpcal,13,-0.2543,0.0,-0.0375,0.0,1
REF_0612-28,5778,closepack36,920.5,0.9,45.0,-45.0,bpcal,14,0.0195,0.0,0.222,0.0,1
REF_0612-28,5778,closepack36,920.5,0.9,45.0,-45.0,bpcal,15,-0.6106,0.0,0.1421,0.0,1
REF_0612-28,5778,closepack36,920.5,0.9,45.0,-45.0,bpcal,16,-0.0276,0.0,0.2521,0.0,1
REF_0612-28,5778,closepack36,920.5,0.9,45.0,-45.0,bpcal,17,-0.0127,0.0,0.2127,0.0,1
REF_0612-28,5778,closepack36,920.5,0.9,45.0,-45.0,bpcal,18,-0.5237,0.0,0.0711,0.0,1
REF_0612-28,5778,closepack36,920.5,0.9,45.0,-45.0,bpcal,19,1.2561,0.0,0.3305,0.0,1
REF_0612-28,5778,closepack36,920.5,0.9,45.0,-45.0,bpcal,20,1.1444,0.0,-0.01,0.0,1
REF_0612-28,5778,closepack36,920.5,0.9,45.0,-45.0,bpcal,21,0.1778,0.0,0.0418,0.0,1
REF_0612-28,5778,closepack36,920.5,0.9,45.0,-45.0,bpcal,22,-0.1741,0.0,-0.2725,0.0,1
REF_0612-28,5778,closepack36,920.5,0.9,45.0,-45.0,bpcal,23,-0.0405,0.0,0.0258,0.0,1
REF_0612-28,5778,closepack36,920.5,0.9,45.0,-45.0,bpcal,24,0.3453,0.0,0.1972,0.0,1
REF_0612-28,5778,closepack36,920.5,0.9,45.0,-45.0,bpcal,25,0.6003,0.0,0.4987,0.0,1
REF_0612-28,5778,closepack36,920.5,0.9,45.0,-45.0,bpcal,26,1.8235,0.0,0.3326,0.0,1
REF_0612-28,5778,closepack36,920.5,0.9,45.0,-45.0,bpcal,27,1.0641,0.0,-0.1321,0.0,1
REF_0612-28,5778,closepack36,920.5,0.9,45.0,-45.0,bpcal,28,0.2967,0.0,-0.6286,0.0,1
REF_0612-28,5778,closepack36,920.5,0.9,45.0,-45.0,bpcal,29,-0.0903,0.0,0.0945,0.0,1
REF_0612-28,5778,closepack36,920.5,0.9,45.0,-45.0,bpcal,30,0.2732,0.0,0.2709,0.0,1
REF_0612-28,5778,closepack36,920.5,0.9,45.0,-45.0,bpcal,31,0.1437,0.0,0.0811,0.0,1
REF_0612-28,5778,closepack36,920.5,0.9,45.0,-45.0,bpcal,32,0.5972,0.0,0.0305,0.0,1
REF_0612-28,5778,closepack36,920.5,0.9,45.0,-45.0,bpcal,33,-0.1917,0.0,-0.1782,0.0,1
REF_0612-28,5778,closepack36,920.5,0.9,45.0,-45.0,bpcal,34,0.5144,0.0,0.3557,0.0,1
REF_0612-28,5778,closepack36,920.5,0.9,45.0,-45.0,bpcal,35,0.5623,0.0,-0.9175,0.0,1
REF_0612-28,5778,closepack36,920.5,0.9,45.0,-45.0,lcal,0,0.8493,0.0,0.0035,0.0,1
REF_0612-28,5778,closepack36,920.5,0.9,45.0,-45.0,lcal,1,-0.1255,0.0,-0.0003,0.0,1
REF_0612-28,5778,closepack36,920.5,0.9,45.0,-45.0,lcal,2,-0.598,0.0,-0.0025,0.0,1
REF_0612-28,5778,closepack36,920.5,0.9,45.0,-45.0,lcal,3,-0.3833,0.0,0.0,0.0,1
REF_0612-28,5778,closepack36,920.5,0.9,45.0,-45.0,lcal,4,0.1685,0.0,-0.0015,0.0,1
REF_0612-28,5778,closepack36,920.5,0.9,45.0,-45.0,lcal,5,0.0827,0.0,-0.0011,0.0,1
REF_0612-28,5778,closepack36,920.5,0.9,45.0,-45.0,lcal,6,-0.1878,0.0,0.0023,0.0,1
REF_0612-28,5778,closepack36,920.5,0.9,45.0,-45.0,lcal,7,-0.1919,0.0,-0.0008,0.0,1
REF_0612-28,5778,closepack36,920.5,0.9,45.0,-45.0,lcal,8,-0.4212,0.0,-0.0026,0.0,1
REF_0612-28,5778,closepack36,920.5,0.9,45.0,-45.0,lcal,9,0.0448,0.0,-0.0011,0.0,1
REF_0612-28,5778,closepack36,920.5,0.9,45.0,-45.0,lcal,10,-0.1069,0.0,-0.0033,0.0,1
REF_0612-28,5778,closepack36,920.5,0.9,45.0,-45.0,lcal,11,-0.0238,0.0,-0.0036,0.0,1
REF_0612-28,5778,closepack36,920.5,0.9,45.0,-45.0,lcal,12,-0.0705,0.0,0.0079,0.0,1
REF_0612-28,5778,closepack36,920.5,0.9,45.0,-45.0,lcal,13,-0.2628,0.0,-0.0043,0.0,1
REF_0612-28,5778,closepack36,920.5,0.9,45.0,-45.0,lcal,14,0.0143,0.0,-0.0026,0.0,1
REF_0612-28,5778,closepack36,920.5,0.9,45.0,-45.0,lcal,15,-0.6145,0.0,-0.001,0.0,1
REF_0612-28,5778,closepack36,920.5,0.9,45.0,-45.0,lcal,16,-0.033,0.0,-0.0004,0.0,1
REF_0612-28,5778,closepack36,920.5,0.9,45.0,-45.0,lcal,17,-0.0162,0.0,-0.001,0.0,1
REF_0612-28,5778,closepack36,920.5,0.9,45.0,-45.0,lcal,18,-0.531,0.0,-0.007,0.0,1
REF_0612-28,5778,closepack36,920.5,0.9,45.0,-45.0,lcal,19,1.2535,0.0,-0.0041,0.0,1
REF_0612-28,5778,closepack36,920.5,0.9,45.0,-45.0,lcal,20,1.145,0.0,-0.0059,0.0,1
REF_0612-28,5778,closepack36,920.5,0.9,45.0,-45.0,lcal,21,0.1801,0.0,0.0045,0.0,1
REF_0612-28,5778,closepack36,920.5,0.9,45.0,-45.0,lcal,22,-0.1823,0.0,0.0034,0.0,1
REF_0612-28,5778,closepack36,920.5,0.9,45.0,-45.0,lcal,23,-0.0528,0.0,-0.006,0.0,1
REF_0612-28,5778,closepack36,920.5,0.9,45.0,-45.0,lcal,24,0.3343,0.0,-0.0005,0.0,1
REF_0612-28,5778,closepack36,920.5,0.9,45.0,-45.0,lcal,25,0.5895,0.0,-0.0039,0.0,1
REF_0612-28,5778,closepack36,920.5,0.9,45.0,-45.0,lcal,26,1.8233,0.0,-0.0037,0.0,1
REF_0612-28,5778,closepack36,920.5,0.9,45.0,-45.0,lcal,27,1.0516,0.0,-0.01,0.0,1
REF_0612-28,5778,closepack36,920.5,0.9,45.0,-45.0,lcal,28,0.2803,0.0,-0.0132,0.0,1
REF_0612-28,5778,closepack36,920.5,0.9,45.0,-45.0,lcal,29,-0.1097,0.0,-0.0104,0.0,1
REF_0612-28,5778,closepack36,920.5,0.9,45.0,-45.0,lcal,30,0.2638,0.0,-0.0062,0.0,1
REF_0612-28,5778,closepack36,920.5,0.9,45.0,-45.0,lcal,31,0.1395,0.0,-0.0006,0.0,1
REF_0612-28,5778,closepack36,920.5,0.9,45.0,-45.0,lcal,32,0.5881,0.0,-0.0047,0.0,1
REF_0612-28,5778,closepack36,920.5,0.9,45.0,-45.0,lcal,33,-0.1953,0.0,-0.008,0.0,1
REF_0612-28,5778,closepack36,920.5,0.9,45.0,-45.0,lcal,34,0.511,0.0,-0.0031,0.0,1
REF_0612-28,5778,closepack36,920.5,0.9,45.0,-45.0,lcal,35,0.5478,0.0,-0.0096,0.0,1
REF_1124-28,5778,closepack36,920.5,0.9,45.0,-45.0,bpcal,0,-1.8696,0.0,-1.859,0.0,1
REF_1124-28,5778,closepack36,920.5,0.9,45.0,-45.0,bpcal,1,-0.3563,0.0,0.3538,0.0,1
REF_1124-28,5778,closepack36,920.5,0.9,45.0,-45.0,bpcal,2,-0.1443,0.0,-0.0972,0.0,1
REF_1124-28,5778,closepack36,920.5,0.9,45.0,-45.0,bpcal,3,0.9101,0.0,0.41,0.0,1
REF_1124-28,5778,closepack36,920.5,0.9,45.0,-45.0,bpcal,4,2.0663,0.0,0.5839,0.0,1
REF_1124-28,5778,closepack36,920.5,0.9,45.0,-45.0,bpcal,5,1.5055,0.0,0.6596,0.0,1
REF_1124-28,5778,closepack36,920.5,0.9,45.0,-45.0,bpcal,6,0.1147,0.0,0.1609,0.0,1
REF_1124-28,5778,closepack36,920.5,0.9,45.0,-45.0,bpcal,7,0.3221,0.0,-0.4816,0.0,1
REF_1124-28,5778,closepack36,920.5,0.9,45.0,-45.0,bpcal,8,0.4253,0.0,0.1393,0.0,1
REF_1124-28,5778,closepack36,920.5,0.9,45.0,-45.0,bpcal,9,1.6873,0.0,0.5548,0.0,1
REF_1124-28,5778,closepack36,920.5,0.9,45.0,-45.0,bpcal,10,1.3007,0.0,0.8274,0.0,1
REF_1124-28,5778,closepack36,920.5,0.9,45.0,-45.0,bpcal,11,-0.1524,0.0,0.3919,0.0,1
REF_1124-28,5778,closepack36,920.5,0.9,45.0,-45.0,bpcal,12,-0.1932,0.0,-0.027,0.0,1
REF_1124-28,5778,closepack36,920.5,0.9,45.0,-45.0,bpcal,13,0.0178,0.0,-0.0596,0.0,1
REF_1124-28,5778,closepack36,920.5,0.9,45.0,-45.0,bpcal,14,-0.1128,0.0,0.2141,0.0,1
REF_1124-28,5778,closepack36,920.5,0.9,45.0,-45.0,bpcal,15,-0.1697,0.0,0.1379,0.0,1
REF_1124-28,5778,closepack36,920.5,0.9,45.0,-45.0,bpcal,16,0.0617,0.0,0.2697,0.0,1
REF_1124-28,5778,closepack36,920.5,0.9,45.0,-45.0,bpcal,17,-0.2747,0.0,0.2172,0.0,1
REF_1124-28,5778,closepack36,920.5,0.9,45.0,-45.0,bpcal,18,-0.1121,0.0,0.0446,0.0,1
REF_1124-28,5778,closepack36,920.5,0.9,45.0,-45.0,bpcal,19,-0.2347,0.0,0.3294,0.0,1
REF_1124-28,5778,closepack36,920.5,0.9,45.0,-45.0,bpcal,20,-0.2577,0.0,-0.0129,0.0,1
REF_1124-28,5778,closepack36,920.5,0.9,45.0,-45.0,bpcal,21,-0.3618,0.0,0.0305,0.0,1
REF_1124-28,5778,closepack36,920.5,0.9,45.0,-45.0,bpcal,22,0.2365,0.0,-0.2797,0.0,1
REF_1124-28,5778,closepack36,920.5,0.9,45.0,-45.0,bpcal,23,0.206,0.0,0.0099,0.0,1
REF_1124-28,5778,closepack36,920.5,0.9,45.0,-45.0,bpcal,24,0.0873,0.0,0.1762,0.0,1
REF_1124-28,5778,closepack36,920.5,0.9,45.0,-45.0,bpcal,25,-0.2355,0.0,0.4964,0.0,1
REF_1124-28,5778,closepack36,920.5,0.9,45.0,-45.0,bpcal,26,-0.3057,0.0,0.3737,0.0,1
REF_1124-28,5778,closepack36,920.5,0.9,45.0,-45.0,bpcal,27,-0.2811,0.0,-0.1004,0.0,1
REF_1124-28,5778,closepack36,920.5,0.9,45.0,-45.0,bpcal,28,-0.4276,0.0,-0.6026,0.0,1
REF_1124-28,5778,closepack36,920.5,0.9,45.0,-45.0,bpcal,29,-0.0803,0.0,0.1005,0.0,1
REF_1124-28,5778,closepack36,920.5,0.9,45.0,-45.0,bpcal,30,-0.4338,0.0,0.2736,0.0,1
REF_1124-28,5778,closepack36,920.5,0.9,45.0,-45.0,bpcal,31,0.502,0.0,0.0561,0.0,1
REF_1124-28,5778,closepack36,920.5,0.9,45.0,-45.0,bpcal,32,0.525,0.0,0.025,0.0,1
REF_1124-28,5778,closepack36,920.5,0.9,45.0,-45.0,bpcal,33,-0.5132,0.0,-0.1745,0.0,1
REF_1124-28,5778,closepack36,920.5,0.9,45.0,-45.0,bpcal,34,-0.1751,0.0,0.3482,0.0,1
REF_1124-28,5778,closepack36,920.5,0.9,45.0,-45.0,bpcal,35,-0.1966,0.0,-0.8806,0.0,1
REF_1124-28,5778,closepack36,920.5,0.9,45.0,-45.0,lcal,0,-1.8656,0.0,0.002,0.0,1
REF_1124-28,5778,closepack36,920.5,0.9,45.0,-45.0,lcal,1,-0.3578,0.0,-0.0005,0.0,1
REF_1124-28,5778,closepack36,920.5,0.9,45.0,-45.0,lcal,2,-0.1343,0.0,0.0021,0.0,1
REF_1124-28,5778,closepack36,920.5,0.9,45.0,-45.0,lcal,3,0.9105,0.0,-0.0003,0.0,1
REF_1124-28,5778,closepack36,920.5,0.9,45.0,-45.0,lcal,4,2.0736,0.0,0.0008,0.0,1
REF_1124-28,5778,closepack36,920.5,0.9,45.0,-45.0,lcal,5,1.5077,0.0,0.0014,0.0,1
REF_1124-28,5778,closepack36,920.5,0.9,45.0,-45.0,lcal,6,0.1233,0.0,-0.0035,0.0,1
REF_1124-28,5778,closepack36,920.5,0.9,45.0,-45.0,lcal,7,0.3361,0.0,-0.0022,0.0,1
REF_1124-28,5778,closepack36,920.5,0.9,45.0,-45.0,lcal,8,0.4372,0.0,-0.0032,0.0,1
REF_1124-28,5778,closepack36,920.5,0.9,45.0,-45.0,lcal,9,1.6938,0.0,0.0028,0.0,1
REF_1124-28,5778,closepack36,920.5,0.9,45.0,-45.0,lcal,10,1.3112,0.0,0.0004,0.0,1
REF_1124-28,5778,closepack36,920.5,0.9,45.0,-45.0,lcal,11,-0.1025,0.0,0.0013,0.0,1
REF_1124-28,5778,closepack36,920.5,0.9,45.0,-45.0,lcal,12,-0.187,0.0,-0.0097,0.0,1
REF_1124-28,5778,closepack36,920.5,0.9,45.0,-45.0,lcal,13,0.022,0.0,-0.0022,0.0,1
REF_1124-28,5778,closepack36,920.5,0.9,45.0,-45.0,lcal,14,-0.1067,0.0,-0.0078,0.0,1
REF_1124-28,5778,closepack36,920.5,0.9,45.0,-45.0,lcal,15,-0.1671,0.0,-0.0038,0.0,1
REF_1124-28,5778,closepack36,920.5,0.9,45.0,-45.0,lcal,16,0.0598,0.0,0.0007,0.0,1
REF_1124-28,5778,closepack36,920.5,0.9,45.0,-45.0,lcal,17,-0.2562,0.0,-0.002,0.0,1
REF_1124-28,5778,closepack36,920.5,0.9,45.0,-45.0,lcal,18,-0.1023,0.0,-0.0049,0.0,1
REF_1124-28,5778,closepack36,920.5,0.9,45.0,-45.0,lcal,19,-0.2323,0.0,-0.0041,0.0,1
REF_1124-28,5778,closepack36,920.5,0.9,45.0,-45.0,lcal,20,-0.2514,0.0,-0.0064,0.0,1
REF_1124-28,5778,closepack36,920.5,0.9,45.0,-45.0,lcal,21,-0.3506,0.0,-0.0028,0.0,1
REF_1124-28,5778,closepack36,920.5,0.9,45.0,-45.0,lcal,22,0.252,0.0,-0.009,0.0,1
REF_1124-28,5778,closepack36,920.5,0.9,45.0,-45.0,lcal,23,0.2163,0.0,-0.0059,0.0,1
REF_1124-28,5778,closepack36,920.5,0.9,45.0,-45.0,lcal,24,0.1032,0.0,0.0011,0.0,1
REF_1124-28,5778,closepack36,920.5,0.9,45.0,-45.0,lcal,25,-0.2346,0.0,-0.0051,0.0,1
REF_1124-28,5778,closepack36,920.5,0.9,45.0,-45.0,lcal,26,-0.302,0.0,-0.0047,0.0,1
REF_1124-28,5778,closepack36,920.5,0.9,45.0,-45.0,lcal,27,-0.2709,0.0,-0.0085,0.0,1
REF_1124-28,5778,closepack36,920.5,0.9,45.0,-45.0,lcal,28,-0.4056,0.0,-0.0066,0.0,1
REF_1124-28,5778,closepack36,920.5,0.9,45.0,-45.0,lcal,29,-0.0775,0.0,-0.0071,0.0,1
REF_1124-28,5778,closepack36,920.5,0.9,45.0,-45.0,lcal,30,-0.4065,0.0,0.0062,0.0,1
REF_1124-28,5778,closepack36,920.5,0.9,45.0,-45.0,lcal,31,0.5113,0.0,-0.001,0.0,1
REF_1124-28,5778,closepack36,920.5,0.9,45.0,-45.0,lcal,32,0.5449,0.0,0.0,0.0,1
REF_1124-28,5778,closepack36,920.5,0.9,45.0,-45.0,lcal,33,-0.5025,0.0,-0.0086,0.0,1
REF_1124-28,5778,closepack36,920.5,0.9,45.0,-45.0,lcal,34,-0.1493,0.0,-0.0052,0.0,1
REF_1124-28,5778,closepack36,920.5,0.9,45.0,-45.0,lcal,35,-0.1852,0.0,-0.0101,0.0,1
REF_1212-28,5778,closepack36,920.5,0.9,45.0,-45.0,bpcal,0,-0.4664,0.0,-1.863,0.0,1
REF_1212-28,5778,closepack36,920.5,0.9,45.0,-45.0,bpcal,1,0.0442,0.0,0.3751,0.0,1
REF_1212-28,5778,closepack36,920.5,0.9,45.0,-45.0,bpcal,2,-0.0933,0.0,-0.096,0.0,1
REF_1212-28,5778,closepack36,920.5,0.9,45.0,-45.0,bpcal,3,-0.0895,0.0,0.4039,0.0,1
REF_1212-28,5778,closepack36,920.5,0.9,45.0,-45.0,bpcal,4,0.0059,0.0,0.5856,0.0,1
REF_1212-28,5778,closepack36,920.5,0.9,45.0,-45.0,bpcal,5,0.1578,0.0,0.6621,0.0,1
REF_1212-28,5778,closepack36,920.5,0.9,45.0,-45.0,bpcal,6,0.2783,0.0,0.1572,0.0,1
REF_1212-28,5778,closepack36,920.5,0.9,45.0,-45.0,bpcal,7,0.2286,0.0,-0.481,0.0,1
REF_1212-28,5778,closepack36,920.5,0.9,45.0,-45.0,bpcal,8,0.0984,0.0,0.1428,0.0,1
REF_1212-28,5778,closepack36,920.5,0.9,45.0,-45.0,bpcal,9,-0.0375,0.0,0.558,0.0,1
REF_1212-28,5778,closepack36,920.5,0.9,45.0,-45.0,bpcal,10,0.1874,0.0,0.826,0.0,1
REF_1212-28,5778,closepack36,920.5,0.9,45.0,-45.0,bpcal,11,0.8258,0.0,0.409,0.0,1
REF_1212-28,5778,closepack36,920.5,0.9,45.0,-45.0,bpcal,12,-0.3205,0.0,-0.0372,0.0,1
REF_1212-28,5778,closepack36,920.5,0.9,45.0,-45.0,bpcal,13,0.1129,0.0,-0.0668,0.0,1
REF_1212-28,5778,closepack36,920.5,0.9,45.0,-45.0,bpcal,14,0.2309,0.0,0.2193,0.0,1
REF_1212-28,5778,closepack36,920.5,0.9,45.0,-45.0,bpcal,15,0.2495,0.0,0.1404,0.0,1
REF_1212-28,5778,closepack36,920.5,0.9,45.0,-45.0,bpcal,16,0.1325,0.0,0.2693,0.0,1
REF_1212-28,5778,closepack36,920.5,0.9,45.0,-45.0,bpcal,17,-0.0369,0.0,0.2088,0.0,1
REF_1212-28,5778,closepack36,920.5,0.9,45.0,-45.0,bpcal,18,0.6381,0.0,0.038,0.0,1
REF_1212-28,5778,closepack36,920.5,0.9,45.0,-45.0,bpcal,19,0.224,0.0,0.3261,0.0,1
REF_1212-28,5778,closepack36,920.5,0.9,45.0,-45.0,bpcal,20,0.3631,0.0,-0.0105,0.0,1
REF_1212-28,5778,closepack36,920.5,0.9,45.0,-45.0,bpcal,21,-0.0175,0.0,0.0342,0.0,1
REF_1212-28,5778,closepack36,920.5,0.9,45.0,-45.0,bpcal,22,-0.0957,0.0,-0.2738,0.0,1
REF_1212-28,5778,closepack36,920.5,0.9,45.0,-45.0,bpcal,23,0.5016,0.0,0.0079,0.0,1
REF_1212-28,5778,closepack36,920.5,0.9,45.0,-45.0,bpcal,24,1.2702,0.0,0.1818,0.0,1
REF_1212-28,5778,closepack36,920.5,0.9,45.0,-45.0,bpcal,25,1.331,0.0,0.5056,0.0,1
REF_1212-28,5778,closepack36,920.5,0.9,45.0,-45.0,bpcal,26,1.0979,0.0,0.3921,0.0,1
REF_1212-28,5778,closepack36,920.5,0.9,45.0,-45.0,bpcal,27,3.2289,0.0,-0.1023,0.0,1
REF_1212-28,5778,closepack36,920.5,0.9,45.0,-45.0,bpcal,28,1.322,0.0,-0.5927,0.0,1
REF_1212-28,5778,closepack36,920.5,0.9,45.0,-45.0,bpcal,29,0.2569,0.0,0.1031,0.0,1
REF_1212-28,5778,closepack36,920.5,0.9,45.0,-45.0,bpcal,30,0.559,0.0,0.2714,0.0,1
REF_1212-28,5778,closepack36,920.5,0.9,45.0,-45.0,bpcal,31,2.3072,0.0,0.0951,0.0,1
REF_1212-28,5778,closepack36,920.5,0.9,45.0,-45.0,bpcal,32,3.3159,0.0,0.0343,0.0,1
REF_1212-28,5778,closepack36,920.5,0.9,45.0,-45.0,bpcal,33,5.3219,0.0,-0.1744,0.0,1
REF_1212-28,5778,closepack36,920.5,0.9,45.0,-45.0,bpcal,34,1.1739,0.0,0.3465,0.0,1
REF_1212-28,5778,closepack36,920.5,0.9,45.0,-45.0,bpcal,35,0.2963,0.0,-0.8783,0.0,1
REF_1212-28,5778,closepack36,920.5,0.9,45.0,-45.0,lcal,0,-0.4544,0.0,-0.0011,0.0,1
REF_1212-28,5778,closepack36,920.5,0.9,45.0,-45.0,lcal,1,0.0489,0.0,0.0021,0.0,1
REF_1212-28,5778,closepack36,920.5,0.9,45.0,-45.0,lcal,2,-0.0835,0.0,0.0009,0.0,1
REF_1212-28,5778,closepack36,920.5,0.9,45.0,-45.0,lcal,3,-0.0792,0.0,-0.0003,0.0,1
REF_1212-28,5778,closepack36,920.5,0.9,45.0,-45.0,lcal,4,0.0167,0.0,-0.0007,0.0,1
REF_1212-28,5778,closepack36,920.5,0.9,45.0,-45.0,lcal,5,0.1666,0.0,-0.0025,0.0,1
REF_1212-28,5778,closepack36,920.5,0.9,45.0,-45.0,lcal,6,0.2809,0.0,-0.0053,0.0,1
REF_1212-28,5778,closepack36,920.5,0.9,45.0,-45.0,lcal,7,0.2366,0.0,-0.0008,0.0,1
REF_1212-28,5778,closepack36,920.5,0.9,45.0,-45.0,lcal,8,0.1088,0.0,-0.0013,0.0,1
REF_1212-28,5778,closepack36,920.5,0.9,45.0,-45.0,lcal,9,-0.0232,0.0,-0.0024,0.0,1
REF_1212-28,5778,closepack36,920.5,0.9,45.0,-45.0,lcal,10,0.1996,0.0,-0.0043,0.0,1
REF_1212-28,5778,closepack36,920.5,0.9,45.0,-45.0,lcal,11,0.8427,0.0,-0.0014,0.0,1
REF_1212-28,5778,closepack36,920.5,0.9,45.0,-45.0,lcal,12,-0.3162,0.0,-0.0066,0.0,1
REF_1212-28,5778,closepack36,920.5,0.9,45.0,-45.0,lcal,13,0.1174,0.0,-0.0041,0.0,1
REF_1212-28,5778,closepack36,920.5,0.9,45.0,-45.0,lcal,14,0.2398,0.0,-0.0052,0.0,1
REF_1212-28,5778,closepack36,920.5,0.9,45.0,-45.0,lcal,15,0.2475,0.0,-0.0059,0.0,1
REF_1212-28,5778,closepack36,920.5,0.9,45.0,-45.0,lcal,16,0.1437,0.0,-0.0022,0.0,1
REF_1212-28,5778,closepack36,920.5,0.9,45.0,-45.0,lcal,17,-0.0196,0.0,-0.0023,0.0,1
REF_1212-28,5778,closepack36,920.5,0.9,45.0,-45.0,lcal,18,0.6504,0.0,-0.0028,0.0,1
REF_1212-28,5778,closepack36,920.5,0.9,45.0,-45.0,lcal,19,0.2379,0.0,-0.0071,0.0,1
REF_1212-28,5778,closepack36,920.5,0.9,45.0,-45.0,lcal,20,0.3739,0.0,-0.0066,0.0,1
REF_1212-28,5778,closepack36,920.5,0.9,45.0,-45.0,lcal,21,-0.008,0.0,-0.0005,0.0,1
REF_1212-28,5778,closepack36,920.5,0.9,45.0,-45.0,lcal,22,-0.086,0.0,-0.0053,0.0,1
REF_1212-28,5778,closepack36,920.5,0.9,45.0,-45.0,lcal,23,0.5247,0.0,-0.0007,0.0,1
REF_1212-28,5778,closepack36,920.5,0.9,45.0,-45.0,lcal,24,1.2953,0.0,0.0068,0.0,1
REF_1212-28,5778,closepack36,920.5,0.9,45.0,-45.0,lcal,25,1.3635,0.0,0.005,0.0,1
REF_1212-28,5778,closepack36,920.5,0.9,45.0,-45.0,lcal,26,1.1282,0.0,0.0068,0.0,1
REF_1212-28,5778,closepack36,920.5,0.9,45.0,-45.0,lcal,27,3.2298,0.0,-0.0086,0.0,1
REF_1212-28,5778,closepack36,920.5,0.9,45.0,-45.0,lcal,28,1.3239,0.0,-0.0049,0.0,1
REF_1212-28,5778,closepack36,920.5,0.9,45.0,-45.0,lcal,29,0.2762,0.0,-0.0022,0.0,1
REF_1212-28,5778,closepack36,920.5,0.9,45.0,-45.0,lcal,30,0.5866,0.0,0.0021,0.0,1
REF_1212-28,5778,closepack36,920.5,0.9,45.0,-45.0,lcal,31,2.35,0.0,0.0116,0.0,1
REF_1212-28,5778,closepack36,920.5,0.9,45.0,-45.0,lcal,32,3.3329,0.0,0.0024,0.0,1
REF_1212-28,5778,closepack36,920.5,0.9,45.0,-45.0,lcal,33,5.3279,0.0,-0.0045,0.0,1
REF_1212-28,5778,closepack36,920.5,0.9,45.0,-45.0,lcal,34,1.1798,0.0,-0.0044,0.0,1
REF_1212-28,5778,closepack36,920.5,0.9,45.0,-45.0,lcal,35,0.3076,0.0,-0.0066,0.0,1
REF_1324-28,5778,closepack36,920.5,0.9,45.0,-45.0,bpcal,0,0.0847,0.0,-1.8652,0.0,1
REF_1324-28,5778,closepack36,920.5,0.9,45.0,-45.0,bpcal,1,0.115,0.0,0.3716,0.0,1
REF_1324-28,5778,closepack36,920.5,0.9,45.0,-45.0,bpcal,2,0.0243,0.0,-0.1024,0.0,1
REF_1324-28,5778,closepack36,920.5,0.9,45.0,-45.0,bpcal,3,0.1962,0.0,0.4103,0.0,1
REF_1324-28,5778,closepack36,920.5,0.9,45.0,-45.0,bpcal,4,0.2285,0.0,0.5755,0.0,1
REF_1324-28,5778,closepack36,920.5,0.9,45.0,-45.0,bpcal,5,-0.0624,0.0,0.6595,0.0,1
REF_1324-28,5778,closepack36,920.5,0.9,45.0,-45.0,bpcal,6,-0.128,0.0,0.1594,0.0,1
REF_1324-28,5778,closepack36,920.5,0.9,45.0,-45.0,bpcal,7,0.0016,0.0,-0.4901,0.0,1
REF_1324-28,5778,closepack36,920.5,0.9,45.0,-45.0,bpcal,8,-0.0152,0.0,0.1326,0.0,1
REF_1324-28,5778,closepack36,920.5,0.9,45.0,-45.0,bpcal,9,0.1704,0.0,0.5494,0.0,1
REF_1324-28,5778,closepack36,920.5,0.9,45.0,-45.0,bpcal,10,-0.4424,0.0,0.815,0.0,1
REF_1324-28,5778,closepack36,920.5,0.9,45.0,-45.0,bpcal,11,-0.2132,0.0,0.3908,0.0,1
REF_1324-28,5778,closepack36,920.5,0.9,45.0,-45.0,bpcal,12,-0.1549,0.0,-0.0302,0.0,1
REF_1324-28,5778,closepack36,920.5,0.9,45.0,-45.0,bpcal,13,0.2092,0.0,-0.0648,0.0,1
REF_1324-28,5778,closepack36,920.5,0.9,45.0,-45.0,bpcal,14,0.1702,0.0,0.2091,0.0,1
REF_1324-28,5778,closepack36,920.5,0.9,45.0,-45.0,bpcal,15,0.1107,0.0,0.1382,0.0,1
REF_1324-28,5778,closepack36,920.5,0.9,45.0,-45.0,bpcal,16,-0.0349,0.0,0.2638,0.0,1
REF_1324-28,5778,closepack36,920.5,0.9,45.0,-45.0,bpcal,17,-0.5369,0.0,0.2132,0.0,1
REF_1324-28,5778,closepack36,920.5,0.9,45.0,-45.0,bpcal,18,-0.6706,0.0,0.0369,0.0,1
REF_1324-28,5778,closepack36,920.5,0.9,45.0,-45.0,bpcal,19,-0.0314,0.0,0.3167,0.0,1
REF_1324-28,5778,closepack36,920.5,0.9,45.0,-45.0,bpcal,20,0.1963,0.0,-0.0151,0.0,1
REF_1324-28,5778,closepack36,920.5,0.9,45.0,-45.0,bpcal,21,0.5925,0.0,0.0223,0.0,1
REF_1324-28,5778,closepack36,920.5,0.9,45.0,-45.0,bpcal,22,0.6506,0.0,-0.2822,0.0,1
REF_1324-28,5778,closepack36,920.5,0.9,45.0,-45.0,bpcal,23,1.6782,0.0,0.0045,0.0,1
REF_1324-28,5778,closepack36,920.5,0.9,45.0,-45.0,bpcal,24,-0.4966,0.0,0.1661,0.0,1
REF_1324-28,5778,closepack36,920.5,0.9,45.0,-45.0,bpcal,25,-0.0007,0.0,0.4855,0.0,1
REF_1324-28,5778,closepack36,920.5,0.9,45.0,-45.0,bpcal,26,0.6492,0.0,0.3729,0.0,1
REF_1324-28,5778,closepack36,920.5,0.9,45.0,-45.0,bpcal,27,0.6005,0.0,-0.1078,0.0,1
REF_1324-28,5778,closepack36,920.5,0.9,45.0,-45.0,bpcal,28,0.6779,0.0,-0.6088,0.0,1
REF_1324-28,5778,closepack36,920.5,0.9,45.0,-45.0,bpcal,29,0.849,0.0,0.0868,0.0,1
REF_1324-28,5778,closepack36,920.5,0.9,45.0,-45.0,bpcal,30,-0.5405,0.0,0.2682,0.0,1
REF_1324-28,5778,closepack36,920.5,0.9,45.0,-45.0,bpcal,31,0.2631,0.0,0.0708,0.0,1
REF_1324-28,5778,closepack36,920.5,0.9,45.0,-45.0,bpcal,32,0.2973,0.0,0.0267,0.0,1
REF_1324-28,5778,closepack36,920.5,0.9,45.0,-45.0,bpcal,33,0.5037,0.0,-0.1807,0.0,1
REF_1324-28,5778,closepack36,920.5,0.9,45.0,-45.0,bpcal,34,0.1964,0.0,0.3445,0.0,1
REF_1324-28,5778,closepack36,920.5,0.9,45.0,-45.0,bpcal,35,0.2448,0.0,-0.891,0.0,1
REF_1324-28,5778,closepack36,920.5,0.9,45.0,-45.0,lcal,0,0.0899,0.0,-0.0005,0.0,1
REF_1324-28,5778,closepack36,920.5,0.9,45.0,-45.0,lcal,1,0.1111,0.0,-0.0041,0.0,1
REF_1324-28,5778,closepack36,920.5,0.9,45.0,-45.0,lcal,2,0.0248,0.0,-0.0025,0.0,1
REF_1324-28,5778,closepack36,920.5,0.9,45.0,-45.0,lcal,3,0.1908,0.0,-0.0023,0.0,1
REF_1324-28,5778,closepack36,920.5,0.9,45.0,-45.0,lcal,4,0.2164,0.0,-0.0056,0.0,1
REF_1324-28,5778,closepack36,920.5,0.9,45.0,-45.0,lcal,5,-0.0695,0.0,-0.0007,0.0,1
REF_1324-28,5778,closepack36,920.5,0.9,45.0,-45.0,lcal,6,-0.132,0.0,-0.0031,0.0,1
REF_1324-28,5778,closepack36,920.5,0.9,45.0,-45.0,lcal,7,-0.0069,0.0,-0.0056,0.0,1
REF_1324-28,5778,closepack36,920.5,0.9,45.0,-45.0,lcal,8,-0.0183,0.0,-0.0036,0.0,1
REF_1324-28,5778,closepack36,920.5,0.9,45.0,-45.0,lcal,9,0.1673,0.0,-0.0056,0.0,1
REF_1324-28,5778,closepack36,920.5,0.9,45.0,-45.0,lcal,10,-0.4485,0.0,-0.004,0.0,1
REF_1324-28,5778,closepack36,920.5,0.9,45.0,-45.0,lcal,11,-0.2191,0.0,-0.0017,0.0,1
REF_1324-28,5778,closepack36,920.5,0.9,45.0,-45.0,lcal,12,-0.1786,0.0,-0.008,0.0,1
REF_1324-28,5778,closepack36,920.5,0.9,45.0,-45.0,lcal,13,0.1897,0.0,-0.0066,0.0,1
REF_1324-28,5778,closepack36,920.5,0.9,45.0,-45.0,lcal,14,0.1664,0.0,-0.0065,0.0,1
REF_1324-28,5778,closepack36,920.5,0.9,45.0,-45.0,lcal,15,0.0908,0.0,-0.0024,0.0,1
REF_1324-28,5778,closepack36,920.5,0.9,45.0,-45.0,lcal,16,-0.0476,0.0,-0.004,0.0,1
REF_1324-28,5778,closepack36,920.5,0.9,45.0,-45.0,lcal,17,-0.5455,0.0,-0.0027,0.0,1
REF_1324-28,5778,closepack36,920.5,0.9,45.0,-45.0,lcal,18,-0.6796,0.0,-0.0053,0.0,1
REF_1324-28,5778,closepack36,920.5,0.9,45.0,-45.0,lcal,19,-0.0296,0.0,-0.0063,0.0,1
REF_1324-28,5778,closepack36,920.5,0.9,45.0,-45.0,lcal,20,0.1797,0.0,-0.0077,0.0,1
REF_1324-28,5778,closepack36,920.5,0.9,45.0,-45.0,lcal,21,0.5869,0.0,-0.0045,0.0,1
REF_1324-28,5778,closepack36,920.5,0.9,45.0,-45.0,lcal,22,0.6348,0.0,-0.0068,0.0,1
REF_1324-28,5778,closepack36,920.5,0.9,45.0,-45.0,lcal,23,1.66,0.0,0.0008,0.0,1
REF_1324-28,5778,closepack36,920.5,0.9,45.0,-45.0,lcal,24,-0.5018,0.0,-0.0018,0.0,1
REF_1324-28,5778,closepack36,920.5,0.9,45.0,-45.0,lcal,25,-0.0085,0.0,-0.0044,0.0,1
REF_1324-28,5778,closepack36,920.5,0.9,45.0,-45.0,lcal,26,0.6584,0.0,-0.003,0.0,1
REF_1324-28,5778,closepack36,920.5,0.9,45.0,-45.0,lcal,27,0.5927,0.0,-0.0049,0.0,1
REF_1324-28,5778,closepack36,920.5,0.9,45.0,-45.0,lcal,28,0.642,0.0,-0.0124,0.0,1
REF_1324-28,5778,closepack36,920.5,0.9,45.0,-45.0,lcal,29,0.8003,0.0,-0.0204,0.0,1
REF_1324-28,5778,closepack36,920.5,0.9,45.0,-45.0,lcal,30,-0.5523,0.0,-0.0042,0.0,1
REF_1324-28,5778,closepack36,920.5,0.9,45.0,-45.0,lcal,31,0.2463,0.0,-0.0034,0.0,1
REF_1324-28,5778,closepack36,920.5,0.9,45.0,-45.0,lcal,32,0.2926,0.0,-0.0054,0.0,1
REF_1324-28,5778,closepack36,920.5,0.9,45.0,-45.0,lcal,33,0.4947,0.0,-0.0114,0.0,1
REF_1324-28,5778,closepack36,920.5,0.9,45.0,-45.0,lcal,34,0.191,0.0,-0.0055,0.0,1
REF_1324-28,5778,closepack36,920.5,0.9,45.0,-45.0,lcal,35,0.21,0.0,-0.0155,0.0,1
REF_1612-28,5778,closepack36,920.5,0.9,45.0,-45.0,bpcal,0,0.22805,0.149412,-1.8406,0.03182,2
REF_1612-28,5778,closepack36,920.5,0.9,45.0,-45.0,bpcal,1,0.05515,0.117309,0.3555,0.000566,2
REF_1612-28,5778,closepack36,920.5,0.9,45.0,-45.0,bpcal,2,-0.5775,0.040447,-0.09685,0.000778,2
REF_1612-28,5778,closepack36,920.5,0.9,45.0,-45.0,bpcal,3,-0.1215,0.07566,0.41125,0.006152,2
REF_1612-28,5778,closepack36,920.5,0.9,45.0,-45.0,bpcal,4,-0.88975,0.029486,0.5951,0.017112,2
REF_1612-28,5778,closepack36,920.5,0.9,45.0,-45.0,bpcal,5,-0.9193,0.266155,0.67605,0.014496,2
REF_1612-28,5778,closepack36,920.5,0.9,45.0,-45.0,bpcal,6,-0.1604,0.060104,0.1472,0.002121,2
REF_1612-28,5778,closepack36,920.5,0.9,45.0,-45.0,bpcal,7,-0.32785,0.07856,-0.48425,0.001909,2
REF_1612-28,5778,closepack36,920.5,0.9,45.0,-45.0,bpcal,8,-0.20475,0.106985,0.13375,0.002475,2
REF_1612-28,5778,closepack36,920.5,0.9,45.0,-45.0,bpcal,9,-1.15475,0.024961,0.5554,0.00396,2
REF_1612-28,5778,closepack36,920.5,0.9,45.0,-45.0,bpcal,10,-0.9111,0.028426,0.8292,0.013576,2
REF_1612-28,5778,closepack36,920.5,0.9,45.0,-45.0,bpcal,11,-0.97645,0.097934,0.42405,0.021142,2
REF_1612-28,5778,closepack36,920.5,0.9,45.0,-45.0,bpcal,12,0.2667,0.281853,-0.02445,0.013081,2
REF_1612-28,5778,closepack36,920.5,0.9,45.0,-45.0,bpcal,13,-0.1116,0.005798,-0.05155,0.020153,2
REF_1612-28,5778,closepack36,920.5,0.9,45.0,-45.0,bpcal,14,-0.20125,0.400293,0.23585,0.015061,2
REF_1612-28,5778,closepack36,920.5,0.9,45.0,-45.0,bpcal,15,-2.43295,0.269903,0.13895,0.003465,2
REF_1612-28,5778,closepack36,920.5,0.9,45.0,-45.0,bpcal,16,-1.1528,0.083721,0.2609,0.005798,2
REF_1612-28,5778,closepack36,920.5,0.9,45.0,-45.0,bpcal,17,0.72025,0.014637,0.20925,0.016051,2
REF_1612-28,5778,closepack36,920.5,0.9,45.0,-45.0,bpcal,18,0.65655,0.130178,0.0584,0.016263,2
REF_1612-28,5778,closepack36,920.5,0.9,45.0,-45.0,bpcal,19,0.76905,0.304551,0.3422,0.005657,2
REF_1612-28,5778,closepack36,920.5,0.9,45.0,-45.0,bpcal,20,-0.1205,0.069296,-0.0096,0.003253,2
REF_1612-28,5778,closepack36,920.5,0.9,45.0,-45.0,bpcal,21,-0.40935,0.016758,0.04225,0.009829,2
REF_1612-28,5778,closepack36,920.5,0.9,45.0,-45.0,bpcal,22,0.5023,0.269691,-0.26465,0.006859,2
REF_1612-28,5778,closepack36,920.5,0.9,45.0,-45.0,bpcal,23,0.9815,0.038042,0.0222,0.013294,2
REF_1612-28,5778,closepack36,920.5,0.9,45.0,-45.0,bpcal,24,0.2397,0.048508,0.18525,0.013223,2
REF_1612-28,5778,closepack36,920.5,0.9,45.0,-45.0,bpcal,25,0.0512,0.063074,0.4965,0.00198,2
REF_1612-28,5778,closepack36,920.5,0.9,45.0,-45.0,bpcal,26,-0.4434,0.008627,0.3718,0.012587,2
REF_1612-28,5778,closepack36,920.5,0.9,45.0,-45.0,bpcal,27,-0.17685,0.122966,-0.10855,0.004879,2
REF_1612-28,5778,closepack36,920.5,0.9,45.0,-45.0,bpcal,28,-0.84575,0.090156,-0.59585,0.003889,2
REF_1612-28,5778,closepack36,920.5,0.9,45.0,-45.0,bpcal,29,1.25915,0.276125,0.1029,0.011314,2
REF_1612-28,5778,closepack36,920.5,0.9,45.0,-45.0,bpcal,30,0.8187,0.009192,0.26815,0.007849,2
REF_1612-28,5778,closepack36,920.5,0.9,45.0,-45.0,bpcal,31,-0.20355,0.120562,0.0701,0.001556,2
REF_1612-28,5778,closepack36,920.5,0.9,45.0,-45.0,bpcal,32,-0.8863,0.06166,0.0272,0.006223,2
REF_1612-28,5778,closepack36,920.5,0.9,45.0,-45.0,bpcal,33,-1.75445,0.017041,-0.1726,0.003677,2
REF_1612-28,5778,closepack36,920.5,0.9,45.0,-45.0,bpcal,34,-2.85215,0.161291,0.34825,0.011243,2
REF_1612-28,5778,closepack36,920.5,0.9,45.0,-45.0,bpcal,35,0.6783,0.070994,-0.8791,0.001838,2
REF_1612-28,5778,closepack36,920.5,0.9,45.0,-45.0,lcal,0,0.2354,0.144815,0.0011,0.000283,2
REF_1612-28,5778,closepack36,920.5,0.9,45.0,-45.0,lcal,1,0.0626,0.112289,-0.0012,0.000141,2
REF_1612-28,5778,closepack36,920.5,0.9,45.0,-45.0,lcal,2,-0.56995,0.046174,-0.00585,0.000778,2
REF_1612-28,5778,closepack36,920.5,0.9,45.0,-45.0,lcal,3,-0.11195,0.068094,-0.00065,0.001202,2
REF_1612-28,5778,closepack36,920.5,0.9,45.0,-45.0,lcal,4,-0.8884,0.029274,0.0005,0.001131,2
REF_1612-28,5778,closepack36,920.5,0.9,45.0,-45.0,lcal,5,-0.91105,0.261276,-0.00345,7.1e-05,2
REF_1612-28,5778,closepack36,920.5,0.9,45.0,-45.0,lcal,6,-0.15315,0.054659,-0.0036,0.001838,2
REF_1612-28,5778,closepack36,920.5,0.9,45.0,-45.0,lcal,7,-0.31985,0.084782,0.0006,0.000849,2
REF_1612-28,5778,closepack36,920.5,0.9,45.0,-45.0,lcal,8,-0.1946,0.098571,0.00035,0.001202,2
REF_1612-28,5778,closepack36,920.5,0.9,45.0,-45.0,lcal,9,-1.14895,0.027931,-0.0029,0.001838,2
REF_1612-28,5778,closepack36,920.5,0.9,45.0,-45.0,lcal,10,-0.91375,0.029911,-0.0043,0.000283,2
REF_1612-28,5778,closepack36,920.5,0.9,45.0,-45.0,lcal,11,-0.9681,0.091924,-0.0017,0.000566,2
REF_1612-28,5778,closepack36,920.5,0.9,45.0,-45.0,lcal,12,0.26915,0.277822,-0.01435,0.001344,2
REF_1612-28,5778,closepack36,920.5,0.9,45.0,-45.0,lcal,13,-0.10405,7.1e-05,0.0015,0.001414,2
REF_1612-28,5778,closepack36,920.5,0.9,45.0,-45.0,lcal,14,-0.18045,0.422496,0.0192,0.003111,2
REF_1612-28,5778,closepack36,920.5,0.9,45.0,-45.0,lcal,15,-2.4249,0.262478,0.003,0.000566,2
REF_1612-28,5778,closepack36,920.5,0.9,45.0,-45.0,lcal,16,-1.15025,0.084216,-0.00175,0.002051,2
REF_1612-28,5778,closepack36,920.5,0.9,45.0,-45.0,lcal,17,0.72205,0.014779,-0.0023,0.00099,2
REF_1612-28,5778,closepack36,920.5,0.9,45.0,-45.0,lcal,18,0.6539,0.13534,-0.005,0.000707,2
REF_1612-28,5778,closepack36,920.5,0.9,45.0,-45.0,lcal,19,0.77355,0.305399,0.0016,0.00099,2
REF_1612-28,5778,closepack36,920.5,0.9,45.0,-45.0,lcal,20,-0.12125,0.064842,-0.0057,0.001414,2
REF_1612-28,5778,closepack36,920.5,0.9,45.0,-45.0,lcal,21,-0.4075,0.018385,-0.0019,0.001414,2
REF_1612-28,5778,closepack36,920.5,0.9,45.0,-45.0,lcal,22,0.50015,0.271883,5e-05,0.001061,2
REF_1612-28,5778,closepack36,920.5,0.9,45.0,-45.0,lcal,23,0.971,0.046386,-0.00455,0.003889,2
REF_1612-28,5778,closepack36,920.5,0.9,45.0,-45.0,lcal,24,0.24705,0.045326,0.0057,0.001697,2
REF_1612-28,5778,closepack36,920.5,0.9,45.0,-45.0,lcal,25,0.0496,0.060104,-0.0042,0.000424,2
REF_1612-28,5778,closepack36,920.5,0.9,45.0,-45.0,lcal,26,-0.443,0.010607,-0.0043,0.000707,2
REF_1612-28,5778,closepack36,920.5,0.9,45.0,-45.0,lcal,27,-0.17675,0.1224,-0.007,0.001131,2
REF_1612-28,5778,closepack36,920.5,0.9,45.0,-45.0,lcal,28,-0.85425,0.095954,-0.0122,0.000566,2
REF_1612-28,5778,closepack36,920.5,0.9,45.0,-45.0,lcal,29,1.25475,0.281075,-0.0063,0.000141,2
REF_1612-28,5778,closepack36,920.5,0.9,45.0,-45.0,lcal,30,0.8122,0.002121,-0.0116,0.002121,2
REF_1612-28,5778,closepack36,920.5,0.9,45.0,-45.0,lcal,31,-0.20825,0.123532,-0.0067,0.00099,2
REF_1612-28,5778,closepack36,920.5,0.9,45.0,-45.0,lcal,32,-0.8886,0.057841,-0.0082,0.001556,2
REF_1612-28,5778,closepack36,920.5,0.9,45.0,-45.0,lcal,33,-1.75055,0.019728,-0.00965,0.001485,2
REF_1612-28,5778,closepack36,920.5,0.9,45.0,-45.0,lcal,34,-2.847,0.165322,-0.01215,0.000354,2
REF_1612-28,5778,closepack36,920.5,0.9,45.0,-45.0,lcal,35,0.69255,0.056639,-0.00275,0.000919,2
REF_1900-28,5778,closepack36,920.5,0.9,45.0,-45.0,bpcal,0,1.0847,0.0,-1.8277,0.0,1
REF_1900-28,5778,closepack36,920.5,0.9,45.0,-45.0,bpcal,1,0.0874,0.0,0.353,0.0,1
REF_1900-28,5778,closepack36,920.5,0.9,45.0,-45.0,bpcal,2,0.7482,0.0,-0.0889,0.0,1
REF_1900-28,5778,closepack36,920.5,0.9,45.0,-45.0,bpcal,3,0.7908,0.0,0.4104,0.0,1
REF_1900-28,5778,closepack36,920.5,0.9,45.0,-45.0,bpcal,4,-0.7833,0.0,0.6077,0.0,1
REF_1900-28,5778,closepack36,920.5,0.9,45.0,-45.0,bpcal,5,0.6964,0.0,0.6824,0.0,1
REF_1900-28,5778,closepack36,920.5,0.9,45.0,-45.0,bpcal,6,0.9919,0.0,0.1383,0.0,1
REF_1900-28,5778,closepack36,920.5,0.9,45.0,-45.0,bpcal,7,0.1861,0.0,-0.4894,0.0,1
REF_1900-28,5778,closepack36,920.5,0.9,45.0,-45.0,bpcal,8,0.7646,0.0,0.1278,0.0,1
REF_1900-28,5778,closepack36,920.5,0.9,45.0,-45.0,bpcal,9,0.1431,0.0,0.5624,0.0,1
REF_1900-28,5778,closepack36,920.5,0.9,45.0,-45.0,bpcal,10,-0.3993,0.0,0.8339,0.0,1
REF_1900-28,5778,closepack36,920.5,0.9,45.0,-45.0,bpcal,11,-0.2508,0.0,0.4333,0.0,1
REF_1900-28,5778,closepack36,920.5,0.9,45.0,-45.0,bpcal,12,0.805,0.0,-0.0096,0.0,1
REF_1900-28,5778,closepack36,920.5,0.9,45.0,-45.0,bpcal,13,0.9719,0.0,-0.044,0.0,1
REF_1900-28,5778,closepack36,920.5,0.9,45.0,-45.0,bpcal,14,0.2908,0.0,0.2393,0.0,1
REF_1900-28,5778,closepack36,920.5,0.9,45.0,-45.0,bpcal,15,1.6899,0.0,0.1361,0.0,1
REF_1900-28,5778,closepack36,920.5,0.9,45.0,-45.0,bpcal,16,0.3942,0.0,0.2587,0.0,1
REF_1900-28,5778,closepack36,920.5,0.9,45.0,-45.0,bpcal,17,-0.2829,0.0,0.2116,0.0,1
REF_1900-28,5778,closepack36,920.5,0.9,45.0,-45.0,bpcal,18,0.4247,0.0,0.0681,0.0,1
REF_1900-28,5778,closepack36,920.5,0.9,45.0,-45.0,bpcal,19,0.0107,0.0,0.3396,0.0,1
REF_1900-28,5778,closepack36,920.5,0.9,45.0,-45.0,bpcal,20,1.3248,0.0,-0.0065,0.0,1
REF_1900-28,5778,closepack36,920.5,0.9,45.0,-45.0,bpcal,21,2.2186,0.0,0.0542,0.0,1
REF_1900-28,5778,closepack36,920.5,0.9,45.0,-45.0,bpcal,22,0.6401,0.0,-0.2595,0.0,1
REF_1900-28,5778,closepack36,920.5,0.9,45.0,-45.0,bpcal,23,1.4519,0.0,0.0317,0.0,1
REF_1900-28,5778,closepack36,920.5,0.9,45.0,-45.0,bpcal,24,0.7913,0.0,0.1914,0.0,1
REF_1900-28,5778,closepack36,920.5,0.9,45.0,-45.0,bpcal,25,-0.0863,0.0,0.4998,0.0,1
REF_1900-28,5778,closepack36,920.5,0.9,45.0,-45.0,bpcal,26,0.4926,0.0,0.364,0.0,1
REF_1900-28,5778,closepack36,920.5,0.9,45.0,-45.0,bpcal,27,2.0028,0.0,-0.1125,0.0,1
REF_1900-28,5778,closepack36,920.5,0.9,45.0,-45.0,bpcal,28,1.3301,0.0,-0.5851,0.0,1
REF_1900-28,5778,closepack36,920.5,0.9,45.0,-45.0,bpcal,29,0.5197,0.0,0.1099,0.0,1
REF_1900-28,5778,closepack36,920.5,0.9,45.0,-45.0,bpcal,30,-0.4607,0.0,0.273,0.0,1
REF_1900-28,5778,closepack36,920.5,0.9,45.0,-45.0,bpcal,31,-0.2235,0.0,0.0796,0.0,1
REF_1900-28,5778,closepack36,920.5,0.9,45.0,-45.0,bpcal,32,0.8736,0.0,0.0324,0.0,1
REF_1900-28,5778,closepack36,920.5,0.9,45.0,-45.0,bpcal,33,1.2779,0.0,-0.1643,0.0,1
REF_1900-28,5778,closepack36,920.5,0.9,45.0,-45.0,bpcal,34,0.5951,0.0,0.3572,0.0,1
REF_1900-28,5778,closepack36,920.5,0.9,45.0,-45.0,bpcal,35,0.1195,0.0,-0.9078,0.0,1
REF_1900-28,5778,closepack36,920.5,0.9,45.0,-45.0,lcal,0,1.0819,0.0,0.0053,0.0,1
REF_1900-28,5778,closepack36,920.5,0.9,45.0,-45.0,lcal,1,0.0827,0.0,-0.0014,0.0,1
REF_1900-28,5778,closepack36,920.5,0.9,45.0,-45.0,lcal,2,0.7421,0.0,-0.0017,0.0,1
REF_1900-28,5778,closepack36,920.5,0.9,45.0,-45.0,lcal,3,0.7893,0.0,0.0025,0.0,1
REF_1900-28,5778,closepack36,920.5,0.9,45.0,-45.0,lcal,4,-0.7854,0.0,-0.0001,0.0,1
REF_1900-28,5778,closepack36,920.5,0.9,45.0,-45.0,lcal,5,0.6938,0.0,-0.0036,0.0,1
REF_1900-28,5778,closepack36,920.5,0.9,45.0,-45.0,lcal,6,0.9894,0.0,-0.0036,0.0,1
REF_1900-28,5778,closepack36,920.5,0.9,45.0,-45.0,lcal,7,0.1781,0.0,-0.0083,0.0,1
REF_1900-28,5778,closepack36,920.5,0.9,45.0,-45.0,lcal,8,0.7588,0.0,-0.0032,0.0,1
REF_1900-28,5778,closepack36,920.5,0.9,45.0,-45.0,lcal,9,0.1401,0.0,0.0,0.0,1
REF_1900-28,5778,closepack36,920.5,0.9,45.0,-45.0,lcal,10,-0.4059,0.0,-0.0027,0.0,1
REF_1900-28,5778,closepack36,920.5,0.9,45.0,-45.0,lcal,11,-0.2536,0.0,-0.0002,0.0,1
REF_1900-28,5778,closepack36,920.5,0.9,45.0,-45.0,lcal,12,0.8032,0.0,-0.0028,0.0,1
REF_1900-28,5778,closepack36,920.5,0.9,45.0,-45.0,lcal,13,0.9674,0.0,-0.0007,0.0,1
REF_1900-28,5778,closepack36,920.5,0.9,45.0,-45.0,lcal,14,0.2883,0.0,-0.0046,0.0,1
REF_1900-28,5778,closepack36,920.5,0.9,45.0,-45.0,lcal,15,1.6833,0.0,-0.0094,0.0,1
REF_1900-28,5778,closepack36,920.5,0.9,45.0,-45.0,lcal,16,0.3982,0.0,-0.0004,0.0,1
REF_1900-28,5778,closepack36,920.5,0.9,45.0,-45.0,lcal,17,-0.2853,0.0,-0.0032,0.0,1
REF_1900-28,5778,closepack36,920.5,0.9,45.0,-45.0,lcal,18,0.4234,0.0,-0.0038,0.0,1
REF_1900-28,5778,closepack36,920.5,0.9,45.0,-45.0,lcal,19,0.0072,0.0,-0.0047,0.0,1
REF_1900-28,5778,closepack36,920.5,0.9,45.0,-45.0,lcal,20,1.3222,0.0,-0.0033,0.0,1
REF_1900-28,5778,closepack36,920.5,0.9,45.0,-45.0,lcal,21,2.2182,0.0,-0.0082,0.0,1
REF_1900-28,5778,closepack36,920.5,0.9,45.0,-45.0,lcal,22,0.635,0.0,-0.0131,0.0,1
REF_1900-28,5778,closepack36,920.5,0.9,45.0,-45.0,lcal,23,1.4406,0.0,-0.0013,0.0,1
REF_1900-28,5778,closepack36,920.5,0.9,45.0,-45.0,lcal,24,0.7907,0.0,0.0025,0.0,1
REF_1900-28,5778,closepack36,920.5,0.9,45.0,-45.0,lcal,25,-0.0893,0.0,-0.0004,0.0,1
REF_1900-28,5778,closepack36,920.5,0.9,45.0,-45.0,lcal,26,0.4902,0.0,-0.005,0.0,1
REF_1900-28,5778,closepack36,920.5,0.9,45.0,-45.0,lcal,27,2.0022,0.0,-0.0086,0.0,1
REF_1900-28,5778,closepack36,920.5,0.9,45.0,-45.0,lcal,28,1.3287,0.0,-0.0031,0.0,1
REF_1900-28,5778,closepack36,920.5,0.9,45.0,-45.0,lcal,29,0.5182,0.0,-0.0124,0.0,1
REF_1900-28,5778,closepack36,920.5,0.9,45.0,-45.0,lcal,30,-0.4639,0.0,-0.0034,0.0,1
REF_1900-28,5778,closepack36,920.5,0.9,45.0,-45.0,lcal,31,-0.2263,0.0,-0.0028,0.0,1
REF_1900-28,5778,closepack36,920.5,0.9,45.0,-45.0,lcal,32,0.8701,0.0,-0.0074,0.0,1
REF_1900-28,5778,closepack36,920.5,0.9,45.0,-45.0,lcal,33,1.2782,0.0,-0.0027,0.0,1
REF_1900-28,5778,closepack36,920.5,0.9,45.0,-45.0,lcal,34,0.5876,0.0,-0.005,0.0,1
REF_1900-28,5778,closepack36,920.5,0.9,45.0,-45.0,lcal,35,0.1171,0.0,-0.0133,0.0,1
REF_2012-28,5778,closepack36,920.5,0.9,45.0,-45.0,bpcal,0,0.1883,0.0,-1.8305,0.0,1
REF_2012-28,5778,closepack36,920.5,0.9,45.0,-45.0,bpcal,1,0.1159,0.0,0.3515,0.0,1
REF_2012-28,5778,closepack36,920.5,0.9,45.0,-45.0,bpcal,2,-0.115,0.0,-0.089,0.0,1
REF_2012-28,5778,closepack36,920.5,0.9,45.0,-45.0,bpcal,3,0.647,0.0,0.4355,0.0,1
REF_2012-28,5778,closepack36,920.5,0.9,45.0,-45.0,bpcal,4,0.3633,0.0,0.6063,0.0,1
REF_2012-28,5778,closepack36,920.5,0.9,45.0,-45.0,bpcal,5,1.5322,0.0,0.6744,0.0,1
REF_2012-28,5778,closepack36,920.5,0.9,45.0,-45.0,bpcal,6,0.1004,0.0,0.1445,0.0,1
REF_2012-28,5778,closepack36,920.5,0.9,45.0,-45.0,bpcal,7,-0.0024,0.0,-0.4851,0.0,1
REF_2012-28,5778,closepack36,920.5,0.9,45.0,-45.0,bpcal,8,-0.3384,0.0,0.1263,0.0,1
REF_2012-28,5778,closepack36,920.5,0.9,45.0,-45.0,bpcal,9,-0.2419,0.0,0.557,0.0,1
REF_2012-28,5778,closepack36,920.5,0.9,45.0,-45.0,bpcal,10,0.0922,0.0,0.8342,0.0,1
REF_2012-28,5778,closepack36,920.5,0.9,45.0,-45.0,bpcal,11,-0.2135,0.0,0.444,0.0,1
REF_2012-28,5778,closepack36,920.5,0.9,45.0,-45.0,bpcal,12,0.0212,0.0,-0.0084,0.0,1
REF_2012-28,5778,closepack36,920.5,0.9,45.0,-45.0,bpcal,13,-0.2332,0.0,-0.039,0.0,1
REF_2012-28,5778,closepack36,920.5,0.9,45.0,-45.0,bpcal,14,-0.5445,0.0,0.2451,0.0,1
REF_2012-28,5778,closepack36,920.5,0.9,45.0,-45.0,bpcal,15,-1.1979,0.0,0.1326,0.0,1
REF_2012-28,5778,closepack36,920.5,0.9,45.0,-45.0,bpcal,16,-0.2861,0.0,0.2595,0.0,1
REF_2012-28,5778,closepack36,920.5,0.9,45.0,-45.0,bpcal,17,0.0679,0.0,0.2154,0.0,1
REF_2012-28,5778,closepack36,920.5,0.9,45.0,-45.0,bpcal,18,-0.5803,0.0,0.0769,0.0,1
REF_2012-28,5778,closepack36,920.5,0.9,45.0,-45.0,bpcal,19,-0.1431,0.0,0.3394,0.0,1
REF_2012-28,5778,closepack36,920.5,0.9,45.0,-45.0,bpcal,20,-0.3919,0.0,-0.0063,0.0,1
REF_2012-28,5778,closepack36,920.5,0.9,45.0,-45.0,bpcal,21,0.2536,0.0,0.0553,0.0,1
REF_2012-28,5778,closepack36,920.5,0.9,45.0,-45.0,bpcal,22,1.0462,0.0,-0.2572,0.0,1
REF_2012-28,5778,closepack36,920.5,0.9,45.0,-45.0,bpcal,23,0.4705,0.0,0.0246,0.0,1
REF_2012-28,5778,closepack36,920.5,0.9,45.0,-45.0,bpcal,24,-0.9447,0.0,0.1883,0.0,1
REF_2012-28,5778,closepack36,920.5,0.9,45.0,-45.0,bpcal,25,-0.2632,0.0,0.4962,0.0,1
REF_2012-28,5778,closepack36,920.5,0.9,45.0,-45.0,bpcal,26,-0.3029,0.0,0.3699,0.0,1
REF_2012-28,5778,closepack36,920.5,0.9,45.0,-45.0,bpcal,27,-0.3906,0.0,-0.1138,0.0,1
REF_2012-28,5778,closepack36,920.5,0.9,45.0,-45.0,bpcal,28,0.4098,0.0,-0.5947,0.0,1
REF_2012-28,5778,closepack36,920.5,0.9,45.0,-45.0,bpcal,29,0.3451,0.0,0.1099,0.0,1
REF_2012-28,5778,closepack36,920.5,0.9,45.0,-45.0,bpcal,30,-0.2553,0.0,0.2713,0.0,1
REF_2012-28,5778,closepack36,920.5,0.9,45.0,-45.0,bpcal,31,0.0656,0.0,0.0817,0.0,1
REF_2012-28,5778,closepack36,920.5,0.9,45.0,-45.0,bpcal,32,0.6367,0.0,0.0384,0.0,1
REF_2012-28,5778,closepack36,920.5,0.9,45.0,-45.0,bpcal,33,0.3384,0.0,-0.1632,0.0,1
REF_2012-28,5778,closepack36,920.5,0.9,45.0,-45.0,bpcal,34,0.1258,0.0,0.3538,0.0,1
REF_2012-28,5778,closepack36,920.5,0.9,45.0,-45.0,bpcal,35,-0.0853,0.0,-0.9121,0.0,1
REF_2012-28,5778,closepack36,920.5,0.9,45.0,-45.0,lcal,0,0.1733,0.0,0.0025,0.0,1
REF_2012-28,5778,closepack36,920.5,0.9,45.0,-45.0,lcal,1,0.0999,0.0,-0.0054,0.0,1
REF_2012-28,5778,closepack36,920.5,0.9,45.0,-45.0,lcal,2,-0.1355,0.0,-0.0027,0.0,1
REF_2012-28,5778,closepack36,920.5,0.9,45.0,-45.0,lcal,3,0.6311,0.0,-0.0028,0.0,1
REF_2012-28,5778,closepack36,920.5,0.9,45.0,-45.0,lcal,4,0.3477,0.0,-0.0039,0.0,1
REF_2012-28,5778,closepack36,920.5,0.9,45.0,-45.0,lcal,5,1.5164,0.0,0.0039,0.0,1
REF_2012-28,5778,closepack36,920.5,0.9,45.0,-45.0,lcal,6,0.0859,0.0,0.0001,0.0,1
REF_2012-28,5778,closepack36,920.5,0.9,45.0,-45.0,lcal,7,-0.0237,0.0,-0.0055,0.0,1
REF_2012-28,5778,closepack36,920.5,0.9,45.0,-45.0,lcal,8,-0.3642,0.0,-0.0064,0.0,1
REF_2012-28,5778,closepack36,920.5,0.9,45.0,-45.0,lcal,9,-0.2601,0.0,-0.0023,0.0,1
REF_2012-28,5778,closepack36,920.5,0.9,45.0,-45.0,lcal,10,0.0734,0.0,-0.0018,0.0,1
REF_2012-28,5778,closepack36,920.5,0.9,45.0,-45.0,lcal,11,-0.2258,0.0,-0.0025,0.0,1
REF_2012-28,5778,closepack36,920.5,0.9,45.0,-45.0,lcal,12,0.0047,0.0,0.0002,0.0,1
REF_2012-28,5778,closepack36,920.5,0.9,45.0,-45.0,lcal,13,-0.2526,0.0,-0.0054,0.0,1
REF_2012-28,5778,closepack36,920.5,0.9,45.0,-45.0,lcal,14,-0.5669,0.0,-0.0089,0.0,1
REF_2012-28,5778,closepack36,920.5,0.9,45.0,-45.0,lcal,15,-1.2188,0.0,-0.0049,0.0,1
REF_2012-28,5778,closepack36,920.5,0.9,45.0,-45.0,lcal,16,-0.3024,0.0,-0.0021,0.0,1
REF_2012-28,5778,closepack36,920.5,0.9,45.0,-45.0,lcal,17,0.0537,0.0,-0.0004,0.0,1
REF_2012-28,5778,closepack36,920.5,0.9,45.0,-45.0,lcal,18,-0.593,0.0,-0.0049,0.0,1
REF_2012-28,5778,closepack36,920.5,0.9,45.0,-45.0,lcal,19,-0.1599,0.0,-0.0024,0.0,1
REF_2012-28,5778,closepack36,920.5,0.9,45.0,-45.0,lcal,20,-0.4116,0.0,-0.0041,0.0,1
REF_2012-28,5778,closepack36,920.5,0.9,45.0,-45.0,lcal,21,0.2371,0.0,-0.0003,0.0,1
REF_2012-28,5778,closepack36,920.5,0.9,45.0,-45.0,lcal,22,1.0327,0.0,-0.0071,0.0,1
REF_2012-28,5778,closepack36,920.5,0.9,45.0,-45.0,lcal,23,0.4632,0.0,-0.0074,0.0,1
REF_2012-28,5778,closepack36,920.5,0.9,45.0,-45.0,lcal,24,-0.9621,0.0,-0.0037,0.0,1
REF_2012-28,5778,closepack36,920.5,0.9,45.0,-45.0,lcal,25,-0.2793,0.0,-0.004,0.0,1
REF_2012-28,5778,closepack36,920.5,0.9,45.0,-45.0,lcal,26,-0.3214,0.0,-0.005,0.0,1
REF_2012-28,5778,closepack36,920.5,0.9,45.0,-45.0,lcal,27,-0.4124,0.0,-0.0074,0.0,1
REF_2012-28,5778,closepack36,920.5,0.9,45.0,-45.0,lcal,28,0.3938,0.0,-0.0027,0.0,1
REF_2012-28,5778,closepack36,920.5,0.9,45.0,-45.0,lcal,29,0.3312,0.0,-0.0051,0.0,1
REF_2012-28,5778,closepack36,920.5,0.9,45.0,-45.0,lcal,30,-0.2699,0.0,-0.0025,0.0,1
REF_2012-28,5778,closepack36,920.5,0.9,45.0,-45.0,lcal,31,0.0554,0.0,-0.0002,0.0,1
REF_2012-28,5778,closepack36,920.5,0.9,45.0,-45.0,lcal,32,0.6158,0.0,-0.0038,0.0,1
REF_2012-28,5778,closepack36,920.5,0.9,45.0,-45.0,lcal,33,0.3156,0.0,-0.0062,0.0,1
REF_2012-28,5778,closepack36,920.5,0.9,45.0,-45.0,lcal,34,0.1089,0.0,-0.0069,0.0,1
REF_2012-28,5778,closepack36,920.5,0.9,45.0,-45.0,lcal,35,-0.1004,0.0,-0.0145,0.0,1
REF_2300-28,5778,closepack36,920.5,0.9,45.0,-45.0,bpcal,0,-1.29,0.0,-1.8546,0.0,1
REF_2300-28,5778,closepack36,920.5,0.9,45.0,-45.0,bpcal,1,-0.243,0.0,0.3418,0.0,1
REF_2300-28,5778,closepack36,920.5,0.9,45.0,-45.0,bpcal,2,0.5449,0.0,-0.1006,0.0,1
REF_2300-28,5778,closepack36,920.5,0.9,45.0,-45.0,bpcal,3,0.0934,0.0,0.4054,0.0,1
REF_2300-28,5778,closepack36,920.5,0.9,45.0,-45.0,bpcal,4,0.0719,0.0,0.5886,0.0,1
REF_2300-28,5778,closepack36,920.5,0.9,45.0,-45.0,bpcal,5,-0.5038,0.0,0.6704,0.0,1
REF_2300-28,5778,closepack36,920.5,0.9,45.0,-45.0,bpcal,6,0.7982,0.0,0.1305,0.0,1
REF_2300-28,5778,closepack36,920.5,0.9,45.0,-45.0,bpcal,7,0.5328,0.0,-0.4914,0.0,1
REF_2300-28,5778,closepack36,920.5,0.9,45.0,-45.0,bpcal,8,0.4467,0.0,0.1303,0.0,1
REF_2300-28,5778,closepack36,920.5,0.9,45.0,-45.0,bpcal,9,0.2697,0.0,0.5527,0.0,1
REF_2300-28,5778,closepack36,920.5,0.9,45.0,-45.0,bpcal,10,0.0628,0.0,0.8069,0.0,1
REF_2300-28,5778,closepack36,920.5,0.9,45.0,-45.0,bpcal,11,0.4989,0.0,0.4182,0.0,1
REF_2300-28,5778,closepack36,920.5,0.9,45.0,-45.0,bpcal,12,1.1666,0.0,-0.0229,0.0,1
REF_2300-28,5778,closepack36,920.5,0.9,45.0,-45.0,bpcal,13,0.5961,0.0,-0.0472,0.0,1
REF_2300-28,5778,closepack36,920.5,0.9,45.0,-45.0,bpcal,14,0.4082,0.0,0.2288,0.0,1
REF_2300-28,5778,closepack36,920.5,0.9,45.0,-45.0,bpcal,15,0.2599,0.0,0.1435,0.0,1
REF_2300-28,5778,closepack36,920.5,0.9,45.0,-45.0,bpcal,16,0.2172,0.0,0.2514,0.0,1
REF_2300-28,5778,closepack36,920.5,0.9,45.0,-45.0,bpcal,17,0.2367,0.0,0.1981,0.0,1
REF_2300-28,5778,closepack36,920.5,0.9,45.0,-45.0,bpcal,18,0.2392,0.0,0.0572,0.0,1
REF_2300-28,5778,closepack36,920.5,0.9,45.0,-45.0,bpcal,19,1.0398,0.0,0.3174,0.0,1
REF_2300-28,5778,closepack36,920.5,0.9,45.0,-45.0,bpcal,20,0.2354,0.0,-0.0229,0.0,1
REF_2300-28,5778,closepack36,920.5,0.9,45.0,-45.0,bpcal,21,0.1357,0.0,0.0391,0.0,1
REF_2300-28,5778,closepack36,920.5,0.9,45.0,-45.0,bpcal,22,0.0157,0.0,-0.2808,0.0,1
REF_2300-28,5778,closepack36,920.5,0.9,45.0,-45.0,bpcal,23,-0.0973,0.0,0.0145,0.0,1
REF_2300-28,5778,closepack36,920.5,0.9,45.0,-45.0,bpcal,24,-0.4602,0.0,0.1903,0.0,1
REF_2300-28,5778,closepack36,920.5,0.9,45.0,-45.0,bpcal,25,0.5984,0.0,0.482,0.0,1
REF_2300-28,5778,closepack36,920.5,0.9,45.0,-45.0,bpcal,26,0.8983,0.0,0.3489,0.0,1
REF_2300-28,5778,closepack36,920.5,0.9,45.0,-45.0,bpcal,27,0.1131,0.0,-0.1128,0.0,1
REF_2300-28,5778,closepack36,920.5,0.9,45.0,-45.0,bpcal,28,-0.2558,0.0,-0.5977,0.0,1
REF_2300-28,5778,closepack36,920.5,0.9,45.0,-45.0,bpcal,29,0.2467,0.0,0.0932,0.0,1
REF_2300-28,5778,closepack36,920.5,0.9,45.0,-45.0,bpcal,30,0.1492,0.0,0.265,0.0,1
REF_2300-28,5778,closepack36,920.5,0.9,45.0,-45.0,bpcal,31,0.6584,0.0,0.0628,0.0,1
REF_2300-28,5778,closepack36,920.5,0.9,45.0,-45.0,bpcal,32,-0.1258,0.0,0.0289,0.0,1
REF_2300-28,5778,closepack36,920.5,0.9,45.0,-45.0,bpcal,33,-0.2145,0.0,-0.1693,0.0,1
REF_2300-28,5778,closepack36,920.5,0.9,45.0,-45.0,bpcal,34,-0.1975,0.0,0.3386,0.0,1
REF_2300-28,5778,closepack36,920.5,0.9,45.0,-45.0,bpcal,35,0.2667,0.0,-0.9493,0.0,1
REF_2300-28,5778,closepack36,920.5,0.9,45.0,-45.0,lcal,0,-1.3523,0.0,-0.0131,0.0,1
REF_2300-28,5778,closepack36,920.5,0.9,45.0,-45.0,lcal,1,-0.2487,0.0,0.0044,0.0,1
REF_2300-28,5778,closepack36,920.5,0.9,45.0,-45.0,lcal,2,0.5508,0.0,0.0024,0.0,1
REF_2300-28,5778,closepack36,920.5,0.9,45.0,-45.0,lcal,3,0.0981,0.0,-0.0001,0.0,1
REF_2300-28,5778,closepack36,920.5,0.9,45.0,-45.0,lcal,4,0.0707,0.0,-0.0041,0.0,1
REF_2300-28,5778,closepack36,920.5,0.9,45.0,-45.0,lcal,5,-0.5075,0.0,-0.0021,0.0,1
REF_2300-28,5778,closepack36,920.5,0.9,45.0,-45.0,lcal,6,0.7899,0.0,-0.0054,0.0,1
REF_2300-28,5778,closepack36,920.5,0.9,45.0,-45.0,lcal,7,0.535,0.0,-0.0012,0.0,1
REF_2300-28,5778,closepack36,920.5,0.9,45.0,-45.0,lcal,8,0.4449,0.0,-0.004,0.0,1
REF_2300-28,5778,closepack36,920.5,0.9,45.0,-45.0,lcal,9,0.264,0.0,-0.0043,0.0,1
REF_2300-28,5778,closepack36,920.5,0.9,45.0,-45.0,lcal,10,0.0495,0.0,-0.0061,0.0,1
REF_2300-28,5778,closepack36,920.5,0.9,45.0,-45.0,lcal,11,0.481,0.0,-0.0074,0.0,1
REF_2300-28,5778,closepack36,920.5,0.9,45.0,-45.0,lcal,12,1.1663,0.0,-0.0065,0.0,1
REF_2300-28,5778,closepack36,920.5,0.9,45.0,-45.0,lcal,13,0.6014,0.0,-0.0015,0.0,1
REF_2300-28,5778,closepack36,920.5,0.9,45.0,-45.0,lcal,14,0.3868,0.0,-0.0079,0.0,1
REF_2300-28,5778,closepack36,920.5,0.9,45.0,-45.0,lcal,15,0.2437,0.0,-0.0048,0.0,1
REF_2300-28,5778,closepack36,920.5,0.9,45.0,-45.0,lcal,16,0.2072,0.0,-0.006,0.0,1
REF_2300-28,5778,closepack36,920.5,0.9,45.0,-45.0,lcal,17,0.2344,0.0,-0.0056,0.0,1
REF_2300-28,5778,closepack36,920.5,0.9,45.0,-45.0,lcal,18,0.246,0.0,-0.0032,0.0,1
REF_2300-28,5778,closepack36,920.5,0.9,45.0,-45.0,lcal,19,1.0389,0.0,-0.0055,0.0,1
REF_2300-28,5778,closepack36,920.5,0.9,45.0,-45.0,lcal,20,0.2386,0.0,-0.0037,0.0,1
REF_2300-28,5778,closepack36,920.5,0.9,45.0,-45.0,lcal,21,0.1343,0.0,0.0001,0.0,1
REF_2300-28,5778,closepack36,920.5,0.9,45.0,-45.0,lcal,22,0.018,0.0,-0.002,0.0,1
REF_2300-28,5778,closepack36,920.5,0.9,45.0,-45.0,lcal,23,-0.0988,0.0,-0.0025,0.0,1
REF_2300-28,5778,closepack36,920.5,0.9,45.0,-45.0,lcal,24,-0.454,0.0,0.0028,0.0,1
REF_2300-28,5778,closepack36,920.5,0.9,45.0,-45.0,lcal,25,0.5918,0.0,-0.0043,0.0,1
REF_2300-28,5778,closepack36,920.5,0.9,45.0,-45.0,lcal,26,0.8759,0.0,-0.0089,0.0,1
REF_2300-28,5778,closepack36,920.5,0.9,45.0,-45.0,lcal,27,0.1013,0.0,-0.0058,0.0,1
REF_2300-28,5778,closepack36,920.5,0.9,45.0,-45.0,lcal,28,-0.273,0.0,-0.008,0.0,1
REF_2300-28,5778,closepack36,920.5,0.9,45.0,-45.0,lcal,29,0.2362,0.0,-0.0107,0.0,1
REF_2300-28,5778,closepack36,920.5,0.9,45.0,-45.0,lcal,30,0.1509,0.0,-0.007,0.0,1
REF_2300-28,5778,closepack36,920.5,0.9,45.0,-45.0,lcal,31,0.6457,0.0,-0.0037,0.0,1
REF_2300-28,5778,closepack36,920.5,0.9,45.0,-45.0,lcal,32,-0.1426,0.0,-0.0095,0.0,1
REF_2300-28,5778,closepack36,920.5,0.9,45.0,-45.0,lcal,33,-0.2229,0.0,-0.0035,0.0,1
REF_2300-28,5778,closepack36,920.5,0.9,45.0,-45.0,lcal,34,-0.2127,0.0,-0.0066,0.0,1
REF_2300-28,5778,closepack36,920.5,0.9,45.0,-45.0,lcal,35,0.2278,0.0,-0.0146,0.0,1
